full_name,birth_date,subdivision_id
Mr. Phillip Edwards,2005-08-14,457
Mr. Matt Harper,2005-08-18,1144
Mrs. Jennifer Garner,2018-03-20,448
Mrs. Adeline Lambert,2001-01-19,1885
Mr. Enoch Stanton,2006-07-18,43
Mr. Barry Moreno,2005-02-03,1359
Mrs. Jaylene Ballard,2003-07-02,1990
Mr. Aiden Vane,2019-10-15,1460
Miss Maddison Hammond,2021-11-20,279
Mr. Eduardo Owens,1996-07-11,1441
Mr. Barry James,1999-10-26,90
Mr. William Quinton,1991-12-25,346
Mr. Harry Alldridge,1993-07-09,81
Mrs. Marissa Ainsworth,1993-03-13,1169
Mrs. Margaret Doherty,2006-03-22,517
Mr. Elijah Roman,2004-07-12,1448
Mr. Tyson Ross,1994-12-02,648
Mr. Chad Watson,2008-11-23,873
Miss Violet Reading,2021-01-13,633
Mrs. Margot Nicolas,1996-10-30,645
Miss Daria Cowan,2012-11-15,1943
Miss Melody Exton,2016-05-03,653
Mrs. Maya Pearce,1997-08-28,785
Mr. Bart Ashley,1992-12-16,500
Mr. Ramon Ianson,2011-09-11,483
Mr. Owen Potts,1994-09-24,1362
Mrs. Carol Taylor,2018-09-18,15
Mr. Erick Huggins,1991-09-01,1195
Mrs. Eileen Gilmour,2010-08-19,935
Mr. Nathan Murray,2010-03-06,2
Miss Ember Neal,2020-11-24,217
Miss Logan Richards,2014-08-29,1221
Miss Cassandra Willis,2004-11-02,309
Mrs. Harriet Alcroft,2006-12-15,1584
Miss Carol Reid,2011-12-10,1859
Ms. Selena Mcgee,1998-04-21,877
Mrs. Jamie Clayton,2012-03-27,826
Mr. Daron Reyes,1996-12-07,1347
Miss Julia Wigley,2002-10-09,381
Mr. Daron Cooper,2013-06-24,1749
Mr. William Donovan,2019-03-06,1730
Mr. Barney Tobin,2001-09-08,48
Miss Celina Thornton,2012-03-10,322
Mr. Boris Turner,2002-10-06,1692
Miss Helen Rogan,1991-08-02,989
Ms. Monica Bryant,1990-12-23,873
Mr. Ramon Rossi,2020-04-25,1128
Mr. Chadwick Wren,2019-02-16,1151
Mr. Julius Webster,1993-01-30,556
Mr. Julius Wigley,1990-05-08,718
Mr. Enoch Stuart,2002-06-22,1207
Mr. Leroy Donovan,2011-11-10,1454
Mr. Manuel Kerr,2011-03-02,1231
Miss Stella Moore,2004-07-09,1759
Mr. Eduardo Slater,2006-10-03,290
Mr. Denis Speed,2003-12-19,276
Mr. Jacob Chester,1998-11-26,616
Ms. Madelyn Drake,2006-08-10,1847
Miss Bernadette Underhill,2001-06-25,335
Mr. Domenic Morris,2002-09-13,71
Mr. Nate Richards,2005-12-16,1404
Mr. Chester Harrison,2000-10-13,1793
Mrs. Goldie Thomson,2002-02-01,746
Ms. Winnie Simpson,1992-02-29,518
Mrs. Sadie Taylor,1997-08-15,478
Mrs. Stella Baker,2020-09-05,1153
Mr. Tyson Farrant,2021-11-24,1464
Mr. Hayden Harper,2008-05-01,833
Miss Mina Nobbs,2002-02-03,1886
Mr. Hank Rainford,1999-01-29,1496
Mrs. Lillian Ogilvy,2014-06-01,951
Ms. Liv Thornton,2018-09-08,315
Ms. Cameron Gilmour,2001-07-29,1666
Miss Adalind Bell,1992-04-30,1234
Mr. Tyler Boyle,2002-07-06,355
Ms. Marie Logan,2021-10-05,1924
Mr. Ramon Slater,2004-04-09,626
Mrs. Carissa Snell,2005-12-28,624
Mr. Hayden Penn,1998-05-03,37
Mr. Manuel Coates,2016-07-05,1101
Ms. Emely Cox,1996-08-02,1765
Ms. Jmin Warner,2015-10-02,453
Miss Elise Dwyer,2000-10-09,1674
Mr. Mike Evans,1998-03-08,1869
Mr. Percy Barclay,2005-03-26,1609
Mr. Benny Benson,2008-04-30,1906
Mrs. Bree Truscott,2011-09-28,1545
Mrs. Estrella Stewart,2000-07-10,170
Mr. Jayden Faulkner,1994-03-12,817
Mrs. Carmen Whinter,1999-09-07,457
Mrs. Valentina Stone,2000-07-04,1863
Mr. David Flanders,1993-04-05,1748
Mr. Nathan Archer,2009-08-07,1990
Mr. Chester Lloyd,2019-10-18,508
Mrs. Maddison Oldfield,1991-11-16,1004
Mr. Nate Davies,2018-01-28,1565
Mr. William Evans,2015-08-25,1149
Miss Stephanie Riley,2011-07-21,1674
Mr. Marvin Fall,2019-06-21,605
Mr. Jack Vaughn,2021-08-08,1457
Mrs. Jmin Coll,1997-02-04,164
Mr. Barney Steer,1997-07-12,1505
Miss Crystal Clifford,2010-02-04,1144
Mr. Danny Cooper,1996-04-28,950
Mr. Maxwell Yang,2005-01-21,216
Mr. Benny Darcy,2014-07-02,575
Mr. Kurt Antcliff,2018-05-13,1018
Miss Erin Drew,2008-06-13,722
Mr. Alan Donnelly,2004-03-16,1682
Mr. Doug Stevens,2021-10-31,360
Mr. Tyler Cox,2000-10-23,1046
Mr. Chuck Walsh,2020-02-29,1474
Ms. Ruth Robinson,2001-05-31,1681
Mr. Julian Glass,1990-06-18,205
Mr. Denis Squire,2001-02-14,1910
Mrs. Angelina Cunningham,2012-06-29,1978
Mr. Bob Dallas,2001-09-01,59
Miss Courtney Chappell,2011-06-04,490
Mr. Phillip Nelson,2007-05-04,1247
Mrs. Selena Crawford,2007-01-21,1091
Mrs. Felicity Uttridge,1996-02-05,1179
Mrs. Logan Townend,2006-07-14,1148
Ms. Lauren Thomas,2013-06-27,548
Mr. Chester Gilmour,2015-07-20,1266
Mr. Ryan Stubbs,2005-04-02,1282
Mr. Alexander Roth,2018-03-19,317
Mr. Phillip Ross,1990-04-18,894
Ms. Cynthia Wilton,1991-10-18,752
Mrs. Tiffany Brennan,2021-01-01,1082
Mrs. Lauren Wright,1990-03-02,1972
Mr. Brad Warner,2005-11-02,1866
Mrs. Phoebe Woods,2019-02-26,1740
Mr. Marvin Dixon,2021-11-16,470
Ms. Valentina Armstrong,1994-05-20,179
Mrs. Mabel Baxter,1997-05-12,770
Ms. Vera Bingham,2014-06-20,432
Ms. Sienna Verdon,2013-12-13,1793
Mr. John Harrington,2021-10-27,991
Miss Jaylene Farrant,1994-02-28,1991
Mr. Domenic Yard,2005-04-08,24
Mr. Manuel Andrews,1996-07-24,1659
Mr. Matt Aldridge,2017-04-14,1941
Mrs. Brooklyn Dillon,1997-03-31,718
Mr. Bryon Rowe,1991-04-26,674
Mrs. Luna Hill,1996-11-29,991
Ms. Aeris Shelton,2014-03-11,1966
Mr. Alexander Gardner,2019-05-31,456
Ms. Grace Irving,2016-10-08,258
Mr. Domenic Garcia,2019-11-24,1599
Mrs. Adalie James,2003-02-11,1588
Mr. Owen Clifford,2017-05-31,931
Mr. Wade Jones,2021-10-26,1377
Mrs. Jackeline Hamilton,2018-02-10,71
Mr. Denis Drummond,1996-02-19,1505
Mr. Martin Stevens,2014-02-12,301
Mrs. Claire Bishop,2018-10-04,780
Mr. Tony Nayler,2010-12-07,179
Mr. Ethan Allen,2003-10-17,1579
Miss Cameron Saunders,1998-12-21,1843
Ms. Rosalie Darcy,2019-12-26,696
Ms. Ruth Pierce,1990-08-30,1620
Mrs. Greta Moore,2013-04-05,1848
Mr. Cedrick Weasley,2021-06-30,733
Mr. Peter Potts,2003-11-21,1853
Miss Hannah Oswald,1995-05-31,1059
Mrs. Andrea Hunt,2017-03-19,1231
Mr. Leroy Underhill,2004-02-23,493
Ms. Marie Richardson,2018-10-03,280
Ms. Raquel Gates,2010-04-07,1162
Mr. Johnny Weston,2001-11-10,973
Mr. Bob Jobson,2016-12-09,216
Mr. Martin Vaughan,2006-05-28,1331
Mr. Aiden James,2013-07-21,66
Mr. Kurt Patel,2014-10-10,129
Mr. Lucas Jenkin,2003-07-26,1478
Mr. Wade Norris,2021-04-05,519
Mr. Logan Kennedy,2010-12-19,1655
Mr. Marvin Woodley,2017-10-07,677
Mrs. Thea Lindop,2020-07-04,1295
Ms. Mayleen Ring,2010-03-04,39
Miss Taylor Knight,2021-05-15,1188
Mrs. Lillian Dempsey,2004-09-16,1801
Mrs. Marilyn Ogilvy,2012-10-23,1252
Mr. Lucas Whinter,2003-12-30,454
Miss Jacqueline Hudson,1992-08-07,1681
Miss Blake Casey,1996-03-08,47
Miss Charle Robertson,1997-03-28,1616
Mr. David Shaw,2005-06-22,1657
Mr. Caleb Owen,2021-02-12,1182
Mr. Jayden Gray,2000-07-10,1855
Miss Luna Farrow,1994-08-31,1291
Ms. Claire Michael,1994-02-10,1355
Mrs. Agnes Vollans,2012-03-11,1708
Miss Audrey Jones,2020-12-30,1793
Mr. Liam Reid,2010-07-29,1948
Mr. Maxwell Rigg,1995-05-12,283
Mr. Percy Isaac,1999-01-07,1019
Mrs. Gloria Young,2004-08-23,1676
Mr. Fred Gray,1998-03-09,267
Mr. Owen Victor,1999-07-18,729
Mr. Chuck Tyler,2008-02-28,633
Mr. Aiden Wright,1996-06-03,1689
Mr. Doug Farrow,1993-12-26,1227
Mr. Roger Booth,2011-02-23,1949
Mr. Daron Goodman,1997-06-24,238
Ms. Marjorie Wilton,2016-11-24,346
Mr. Harvey Redden,2018-06-08,1031
Ms. Melania Warden,2004-11-11,537
Ms. Adalind Reynolds,2003-10-22,741
Mrs. Dasha Farmer,2003-09-18,271
Mrs. Savannah Campbell,2012-12-11,566
Miss Diane Lyon,1993-11-16,808
Ms. Maia Hastings,2021-03-17,1618
Mr. Benjamin Weldon,1995-03-14,164
Mr. Mark Tobin,2017-07-18,787
Miss Erin Dubois,1998-08-17,1065
Ms. Audrey Young,2000-03-22,503
Mr. Boris Ballard,2017-12-29,908
Mr. Nathan Torres,2006-08-24,1282
Mr. Carter Russell,2017-07-20,1977
Mr. Barney Crawford,1996-02-29,1581
Mr. Roger Keys,2007-11-02,346
Mr. Oliver Matthews,1999-05-29,452
Mr. Rick Walsh,2012-12-22,1875
Mr. Nate James,2006-09-14,94
Ms. Bernadette Brennan,2020-07-14,1452
Miss Paige Bell,2012-08-23,496
Mrs. Vanessa Bryant,2000-07-13,1611
Miss Livia Wilson,2017-01-15,1129
Mr. Owen Woodcock,2021-09-30,1557
Mr. Barry Waterhouse,2010-01-22,322
Miss Hailey Nobbs,2007-01-08,505
Mrs. Rosalee Fleming,2005-07-16,684
Mr. Domenic Lomax,2015-03-18,306
Mr. Carl Walsh,2006-05-04,1873
Miss Meredith Ellwood,1995-03-04,381
Mr. David Mcleod,2018-06-24,101
Mr. Maxwell Forth,2021-08-11,907
Mr. Eduardo Clayton,1991-03-17,1264
Mr. Bob Egerton,1991-10-04,443
Mr. David Ellery,1997-05-05,315
Mr. Ronald Yard,2002-04-01,1129
Miss Karen Anderson,2008-06-14,1315
Miss Mackeie Bailey,2008-12-04,1155
Mr. Nathan Collis,2016-12-10,986
Mr. Mike Barrett,2014-07-10,975
Miss Rosie Villiger,2014-03-19,1806
Mr. Roger Ashwell,1990-07-19,666
Mr. Bart Stewart,1996-12-27,647
Mrs. Cherish Williams,2007-01-10,103
Miss Maia Dwyer,1996-11-15,1895
Mr. Benjamin Goodman,1998-03-24,473
Mr. Matthew Rogan,1995-03-07,239
Mrs. Adina Wallace,1998-09-06,1571
Mr. Kurt Selby,2001-10-16,1022
Mrs. Cara King,1994-06-27,392
Miss Drew Kelly,1995-08-09,1155
Mrs. Davina Ellwood,1992-11-20,1595
Miss Rosemary Emerson,2009-01-23,1382
Mr. Sebastian Roth,2010-04-23,1941
Miss Vicky Selby,2007-07-24,308
Ms. Sylvia Osman,2018-05-08,1959
Miss Josephine Darcy,2013-04-05,1863
Mrs. Sabrina Judd,2004-04-17,881
Mr. Chesteraoui,2015-07-15,1962
Ms. Dakota Antcliff,1993-01-02,360
Mr. Tony Bishop,2001-10-25,1693
Mr. Harvey Clarke,2000-02-27,1932
Mr. William Underhill,1998-06-04,30
Mr. Brad Milner,2014-06-02,1414
Mr. Bryon Abbot,2008-09-05,1547
Mr. Cedrick Gilmour,2021-12-15,1177
Mr. John Thornton,1990-04-03,812
Mr. Luke Shields,2002-08-05,36
Miss Leslie Morgan,2000-12-28,58
Mr. Tom Lyon,1992-01-22,1912
Miss Iris Bennett,2006-10-08,14
Miss Mary Edwards,1995-07-12,1576
Mr. Chad Rivers,2001-06-02,1207
Mr. Kieth Carter,2010-03-08,281
Mrs. Allison Collins,2007-01-11,94
Miss Marina Pickard,1990-07-29,367
Mr. Harry Vane,2013-03-27,1014
Miss Aeris Grady,2012-11-07,1494
Miss Andie Latham,2018-05-28,784
Mrs. Marissa Lewis,1997-10-15,302
Mr. Cedrick Owens,2012-04-28,1441
Mrs. Miley Nayler,1998-07-20,776
Mr. Nick Lane,2007-04-02,297
Mr. Ron Bryant,2006-12-26,1338
Ms. Colleen Spencer,1996-03-22,957
Mrs. Gwenyth Hopkinson,2001-01-18,1337
Mr. Rocco Cox,1996-01-06,926
Mr. Josh Gaynor,2013-01-16,1378
Ms. Maia Kennedy,2018-05-17,297
Mr. Jacob Ellis,2003-09-21,1108
Mr. Kieth Daniells,1999-01-15,1743
Miss Sofia Carter,1994-05-25,500
Mr. Enoch Malone,2012-05-03,375
Miss Iris Adler,2007-01-16,598
Mrs. Courtney Egerton,2006-04-21,1589
Miss Ruby Alldridge,2010-02-23,1801
Ms. Margot Wills,2020-12-08,441
Miss Dani Thatcher,2010-01-06,615
Mrs. Faith Lambert,1992-12-17,1912
Mr. David Walsh,2012-02-01,300
Ms. Shannon Hope,2010-10-26,1645
Mr. Alan Tyler,1995-07-07,1883
Miss Peyton Silva,2011-11-07,365
Mrs. Elisabeth Stevenson,2017-06-17,1477
Ms. Candice Rowlands,1994-03-08,1921
Miss Eve Thompson,2019-07-29,1575
Mr. Benny Power,2015-12-12,1672
Ms. Winnie Henderson,1999-07-08,690
Mrs. Morgan Sherry,1991-07-06,1201
Mr. Boris Lindsay,1996-10-13,1429
Miss Callie Bell,2018-07-23,146
Mr. Harry Lindop,2007-11-03,196
Mr. Ramon Saunders,2008-10-05,1875
Mr. Ramon Becker,1996-10-08,1574
Mr. Clint Wilson,2017-11-06,806
Mr. David Jenkin,1996-09-26,610
Mr. Javier Phillips,1996-10-03,43
Mr. Ethan Clayton,2011-06-13,1605
Miss Chelsea Weasley,2016-03-07,1564
Miss Dani Wilcox,1993-08-17,1431
Mr. Bart Gordon,2011-05-08,685
Mr. Bryon Wright,2014-02-10,818
Mr. Maxwell Salt,2012-06-24,1815
Ms. Mavis Dowson,2005-11-24,330
Mr. Tyler Craig,2021-11-12,884
Mr. Kieth Widdows,2005-05-02,1477
Miss Ellen Penn,1993-01-21,1997
Ms. Liliana Snell,1995-03-25,1018
Miss Elisabeth Sherry,2015-03-25,395
Mr. Enoch Hill,2003-07-26,322
Mr. Gil Burge,2018-12-25,513
Mr. Domenic Booth,2013-09-20,1672
Miss Ember Aldridge,1995-04-09,5
Mr. Fred Townend,2012-05-13,430
Mr. Enoch Stevens,1992-02-01,159
Missoe Reyes,2002-09-13,1415
Mrs. Sharon Broomfield,2004-01-29,405
Mr. Barney Ingram,2009-04-19,230
Mr. Rocco Stewart,2009-07-05,1407
Mrs. Paula Hancock,2005-05-16,982
Mr. Abdul Page ,2015-09-28,377
Mr. Roger Bolton,1996-11-30,1983
Mr. Daniel Ellwood,2012-08-11,11
Miss Samantha Rowe,2020-12-07,1792
Miss Carla Lewis,2007-05-19,1886
Miss Kendra Stubbs,2009-08-22,67
Mrs. Leslie Willson,2004-05-17,1135
Mr. Ronald Morrison,1992-02-02,550
Mr. Noah Shaw,2017-03-07,1152
Mr. Johnny Jackson,2009-06-24,209
Mr. Denny Barrett,2002-02-28,70
Mr. Oliver Bryant,2019-10-03,373
Mr. Fred White,2010-10-13,739
Ms. Cassidy Jacobs,2018-03-01,1045
Ms. Phoebe Burge,1998-12-09,1084
Ms. Jamie Gilmore,1996-05-24,1783
Mr. Nick Campbell,1993-12-26,1949
Miss Mavis Clifford,1994-03-18,1389
Miss Jamie Parker,2016-06-27,1046
Mr. Tom Gordon,1996-08-10,667
Miss Margot Wild,2014-04-28,1428
Miss Natalie Radley,2018-11-06,1966
Mr. Denis Farrell,2002-05-06,817
Mr. Julian Hobson,2011-11-08,780
Miss Jocelyn Young,1997-06-01,477
Mr. Ramon Shea,2016-08-01,1305
Mrs. Mona Parker,2016-11-08,601
Miss Gloria Uttley,2020-10-31,225
Mr. Ethan Grant,1995-06-20,360
Mr. Hayden Amstead,2019-04-02,1607
Mrs. Rhea Roth,2019-08-02,43
Mr. Chadwick Osmond,2001-02-12,417
Mr. Tyson Powell,1993-07-09,1294
Mrs. Marie Addison,2011-09-02,1582
Miss Elle Wilde,2005-02-09,872
Miss Sofia Kaur,2005-04-09,1229
Mr. Aiden Daniells,2018-05-28,1710
Mrs. Carrie Morris,2014-11-29,734
Mr. Matt James,2008-02-17,416
Ms. Maggie Dunbar,1994-12-03,1344
Ms. Celia Eagle,2015-09-25,188
Ms. Gwenyth Hastings,2015-05-12,246
Miss Taylor Rogan,1996-02-13,182
Mr. Peter Ingram,1998-01-25,1817
Ms. Kate Wood,2007-03-19,1878
Mr. Barry Malone,2018-05-22,982
Mr. Eduardo Whittle,2010-08-01,1315
Ms. Ally Knight,2021-11-19,222
Mr. Mark Parr,2016-06-01,109
Mrs. Kimberly Allcott,1996-12-23,344
Ms. Eryn Reynolds,2001-04-28,1628
Mrs. Vicky Forester,2021-06-21,1374
Ms. Sarah Bradley,2009-01-04,1527
Ms. Alex Farrell,2013-09-02,1520
Miss Blake Chapman,2013-10-27,377
Mr. Nathan Vincent,2007-07-31,1489
Mr. Ryan Page ,2001-02-09,1035
Mrs. Willow Adler,2005-11-11,1101
Mr. John Patel,1992-03-27,598
Mr. Oliver Terry,2007-06-09,350
Mr. Oliver Adler,1997-07-12,812
Mrs. Rose Wilkinson,2012-05-31,899
Mr. Nicholas Wise,2000-06-07,1628
Miss Candace Scott,1995-07-27,1411
Mr. Roger Victor,2008-02-19,288
Mr. Maxwell Graves,2020-03-29,1661
Mrs. Leah Grey,1990-06-07,1294
Miss Aisha Purvis,2012-09-09,834
Mr. Tyler Goales,2003-08-07,1679
Mr. Eduardo Lynch,1993-03-15,1239
Ms. Taylor Farrow,1990-07-06,734
Ms. Winnie Mccormick,2008-04-04,1574
Ms. Maggie Redwood,2001-01-29,98
Mr. Liam Varndell,2001-05-24,363
Ms. Jocelyn Moss,2018-04-18,1691
Mr. David Jennson,2017-10-06,613
Mrs. Kamila Gilmore,2021-05-13,902
Mrs. Beatrice Ashwell,2003-12-16,1804
Mrs. Valerie Ashley,2007-03-29,968
Mr. Clint Brooks,2015-08-31,1412
Mr. John Gallacher,2003-04-26,192
Mr. Julius Wood,2011-06-07,1745
Mr. Hayden Glynn,1994-10-06,1380
Mrs. Paula Hooper,2002-03-22,1246
Mr. Marvin Ingham,1997-06-12,558
Mr. Rocco Dixon,2018-05-09,283
Mr. Rufus Bolton,2017-10-17,1114
Ms. Erin Newman,2018-03-17,46
Mr. Bart Weatcroft,2008-07-10,1086
Mr. Julius Coll,2015-06-12,1309
Ms. Karen Cooper,2005-08-29,1750
Ms. Havana Johnson,2020-09-26,596
Mrs. Alex Osmond,2009-06-09,381
Mrs. Victoria Jones,2015-02-15,174
Ms. Carissa Bennett,2008-11-27,1974
Mrs. Alison Johnson,2017-05-07,1032
Mrs. Samantha Ralph,2007-11-15,1688
Mr. Denny Dillon,1998-01-08,363
Ms. Harriet Morris,2000-05-29,975
Mrs. Gemma Cassidy,2012-03-11,427
Mr. Logan Larkin,1995-08-19,1403
Mrs. Taylor Dobson,2016-05-11,1391
Mr. Nicholas Boyle,2003-02-22,630
Mr. Chadwick Jenkin,1990-02-15,1824
Mrs. Piper Norman,1990-09-30,487
Mr. Denis Purvis,2011-12-09,1588
Mr. Michael Kelly,2019-04-13,558
Ms. Evelynn Coates,1991-05-30,1186
Mr. Daron Vernon,2013-05-19,1011
Miss Emerald Bristow,1991-04-03,1050
Mr. Aiden Hobbs,2018-11-17,1681
Mr. Chester Quinnell,2005-10-13,461
Mr. Abdul Lee,2006-08-19,953
Mrs. Maia Gibson,2020-06-03,50
Mr. Rick Griffiths,2002-08-20,1948
Mrs. Alexa Potter,2008-04-07,1613
Mr. Marvin Janes,2004-11-02,294
Ms. Holly Corbett,2014-03-13,334
Ms. Drew Hooper,2015-10-21,772
Miss Dasha Thompson,2001-09-20,1184
Miss Vicky Norburn,1993-12-02,1274
Mr. Ron Ellwood,2015-09-15,1676
Miss Dani Yang,1995-12-22,119
Miss Elly Alexander,2017-07-26,498
Ms. Hannah Watson,1992-02-15,727
Mr. Tom Donnelly,2002-01-13,1195
Mr. Benny Vaughn,2016-09-21,1956
Mrs. Tania Wills,1997-10-09,642
Miss Juliet Stewart,2002-09-10,567
Mrs. Camila Addis,2005-04-25,1340
Mr. Leroy Wild,2011-06-20,1326
Ms. Ruth Snow,1996-04-26,837
Mr. Gabriel Sanch,2007-11-01,368
Mr. Cedrick Oakley,2015-09-04,1683
Mr. Tony King,2001-12-27,1448
Mr. Bryon Gilbert,1997-06-02,1958
Mr. Ron Hill,1994-01-03,586
Mr. Nick Rees,1996-01-15,446
Ms. Diane Ballard,2019-12-12,1049
Mr. Fred Upsdell,2007-05-14,744
Mr. Doug Eyres,2001-01-06,591
Mr. Danny Hall,2013-07-03,1323
Mr. Bryon Jeffery,1999-02-14,416
Ms. Ivy Garner,2018-06-05,1822
Mrs. Jackeline Barclay,1990-04-15,1125
Mr. George Mccall,2015-05-04,1242
Mr. Jacob Kerr,1994-10-07,1381
Mr. Ryan Holmes,2008-11-29,1078
Miss Emerald Blythe,2018-03-03,501
Mrs. Megan Rowlands,1999-12-31,1513
Mrs. Elisabeth Reid,1990-03-23,312
Mr. Peter Farrow,1999-09-01,371
Miss Esmeralda Jarrett,2000-09-29,1529
Mrs. Molly Reid,2013-07-15,594
Miss Mandy Vaughn,2008-11-03,1984
Mrs. Rebecca Lyon,2021-12-19,438
Mr. Tyler Cooper,1992-10-28,1146
Mr. Hank Rodgers,2003-09-11,1136
Mr. Bryon Umney,2011-10-12,947
Mr. George Nash,2017-02-25,1248
Mr. Harvey Davies,1992-09-11,373
Miss Livia Lyon,2000-03-30,1007
Mr. Noah Pope,2014-05-03,1496
Ms. Evie Gunn,2015-10-11,987
Miss Jenna Calderwood,2013-03-08,518
Mrs. Liv Pratt,1999-02-05,774
Miss Marjorie Benfield,1997-05-11,595
Ms. Iris Hale,2011-05-03,1251
Ms. Elise Upsdell,2011-04-26,1998
Mr. Carter Collins,2017-02-03,1176
Ms. Allison Lindsay,1991-09-01,775
Mr. Matthew Ebden,2009-05-07,572
Miss Janice Clifford,2018-11-30,959
Miss Crystal Griffiths,2016-01-11,1000
Miss Marie Waterson,2017-06-01,139
Mrs. Miley Redwood,1992-12-30,1536
Miss Livia Gibson,2002-05-12,497
Mr. John Ingram,1992-09-01,846
Ms. Britney Robinson,1998-05-29,1060
Mr. Logan Gordon,1999-09-13,1974
Mr. Bryon Jobson,2016-06-26,1325
Mrs. Francesca Farrant,2018-08-19,1074
Mr. Rufus Bailey,2002-09-02,578
Mr. Michael Dann,2011-10-15,1968
Ms. Shay Potter,1992-09-26,1994
Ms. Jaylene Willson,1996-10-20,376
Mrs. Summer Becker,2005-06-08,123
Mr. Matthew Durrant,2001-12-17,1192
Miss Tiffany Vallins,2021-06-26,1027
Mr. Peter Owens,1998-08-19,431
Mr. Harvey Rodgers,2012-08-12,836
Miss Drew Mills,2017-10-02,1264
Mrs. Cynthia Dickson,2002-08-16,799
Mr. Caleb Styles,1996-10-18,930
Ms. Gwenyth Thornton,2007-06-29,958
Mrs. Renee Dillon,2000-04-19,1798
Mrs. Ada Sherwood,2002-10-12,1250
Miss Isla Pond,2006-03-20,93
Mr. Eduardo Plumb,2002-12-11,864
Ms. Carmella Fleming,1990-09-14,593
Ms. Brooklyn Nash,2005-12-07,49
Miss Cara Murphy,2018-10-25,440
Mr. Bart Davies,1992-11-14,1474
Ms. Carmella Mann,2012-08-20,1931
Miss Anne Lee,2008-02-08,1989
Mrs. Vanessa Lindop,2014-10-28,85
Mrs. Ellen Wills,2002-01-14,1197
Miss Dorothy Daniells,2009-08-03,336
Mr. Phillip Allen,2021-11-15,1239
Mr. Aiden Eddison,2001-03-19,1887
Mr. Bob Victor,1999-12-04,1901
Mr. Mike Osman,1991-09-05,837
Mr. Chris Clifton,2020-05-28,408
Mr. Bob Olivier,2012-11-20,115
Ms. Alma Faulkner,2008-06-16,1085
Miss Maya Yang,2020-05-02,1663
Mr. Julian Russell,2002-03-13,1337
Ms. Catherine Bingham,1996-12-23,1583
Mrs. Gwenyth Whinter,2003-03-25,1352
Mrs. Georgia Taylor,2005-02-19,128
Mrs. Hannah Thomson,1999-09-05,1115
Ms. Kaylee Moore,2004-12-20,616
Mr. Manuel Ogilvy,1994-03-16,372
Mr. Ron Alexander,2007-05-12,1142
Mr. Elijah Lynn,2014-05-09,1895
Miss Natalie Faulkner,2013-06-23,802
Mr. Chad Norburn,2000-05-26,1407
Ms. Kaylee Ashwell,1995-01-19,1299
Mr. Daniel Turner,2015-07-28,80
Mr. Chad Watt,1994-11-22,1607
Mrs. Abbey Casey,2017-08-16,1763
Mr. Danny Becker,2010-08-21,591
Miss Deborah Vince,1993-12-19,1873
Mrs. Angela Randall,2010-11-04,432
Mr. Nathan Harrison,2006-03-21,648
Mrs. Sadie Plumb,2011-04-19,1140
Missara Holmes,2004-02-28,544
Mr. Roger Nielson,2001-04-29,379
Ms. Melody Cox,1994-01-17,1820
Miss Candace Denton,2016-07-25,631
Mr. Manuel Glass,2003-02-20,245
Mrs. Adela Preston,2002-05-23,1912
Mr. Mason Campbell,2021-01-11,1248
Mr. Bart Rixon,2017-04-19,1250
Miss Leslie Kaur,2000-08-30,1366
Mr. George Bentley,2017-07-08,1124
Miss Blake Long,2011-06-04,1568
Mrs. Rowan Harrison,2012-03-07,1901
Mr. Chadwick Ulyatt,1993-11-19,1500
Mr. Julius Grant,1998-01-06,255
Mr. Ethan Dubois,1993-10-05,320
Mrs. Kimberly Ross,2007-12-17,344
Miss Olivia Morley,2012-08-12,630
Ms. Stacy Saunders,2011-01-24,504
Ms. Ilona Stone ,2017-06-26,695
Mr. Chad Howard,2019-06-06,1575
Miss Alexia Blackburn,2003-09-22,1707
Mr. Enoch Warden,2016-09-09,173
Mr. Carter Sinclair,1997-05-22,626
Ms. Rylee Redden,2016-09-25,277
Mr. Manuel Fowler,2010-09-29,1845
Ms. Savannah Weldon,2006-03-24,970
Mr. Russel Moore,2013-08-13,1580
Mr. Mike Bradshaw,2003-02-12,1626
Mr. Elijah Mcgee,1995-08-27,646
Ms. Tiffany Khan,2009-12-01,1973
Mr. Joseph Douglas,1997-03-04,1572
Mr. Boris Murphy,1993-02-21,961
Mr. Fredaoui,2014-10-04,1310
Ms. Rosa Mcnally,2009-07-30,697
Mrs. Cassidy Knott,2016-06-08,1689
Mr. Henry Payne,2013-11-03,1184
Mr. John Grady,1998-03-16,967
Miss Evie Rigg,1995-12-12,458
Mr. Tyler Logan,1998-02-24,565
Mr. Luke Potter,1991-01-12,1377
Ms. Rhea Collins,1996-11-15,261
Miss Isabella Underhill,2013-11-12,1305
Ms. Grace Fisher,1992-01-28,631
Ms. Nicole Thomas,2004-06-02,1352
Ms. Isla Johnson,1994-03-24,517
Mr. Carter Goodman,2020-02-02,1229
Mrs. Julia Jones,1991-04-04,133
Mr. Nate Villiger,2002-09-23,1682
Mr. Anthony Exton,1992-02-12,1789
Mrs. Maia Rivers,1991-08-24,444
Ms. Adela Lindsay,2011-10-10,1434
Ms. Stacy Reid,1992-09-04,956
Mr. Lucas Eaton,2019-08-01,643
Mr. Rocco Ramsey,2006-06-13,800
Miss Selena Gallacher,1990-12-11,347
Mr. Ryan Willis,1991-11-11,59
Mr. Denny Long,2000-04-19,482
Ms. Michelle Bristow,1990-12-01,1065
Mr. Fred Phillips,2014-10-14,1205
Mr. Tyler Jenkins,2007-01-14,1013
Mr. Logan Uttley,2021-02-03,1621
Mr. Rufus Armstrong,1993-11-26,691
Ms. Paige Thompson,2014-07-17,553
Mr. Julius Clifford,1992-08-03,716
Mr. Cedrick May,1996-10-05,407
Mrs. Anne Farrell,1994-04-10,1755
Mrs. Callie Gibson,1995-01-26,364
Mr. Denis Whitehouse,1997-01-15,1220
Mrs. Emma Allcott,2002-01-26,967
Miss Angelica Roberts,1997-09-18,467
Mrs. Carrie Dann,1995-05-24,1070
Mrs. Eryn Fulton,1997-05-19,1551
Miss Rihanna Cooper,2003-03-07,1115
Mrs. Peyton Bell,2001-03-19,1165
Mr. Bryon Noach,2013-04-16,465
Mr. Aiden Lloyd,2018-12-26,223
Mr. Tony Lee,2009-03-17,656
Mr. Brad Jarrett,2000-11-25,114
Miss Greta Irwin,2001-05-07,1862
Mr. Julian Palmer,1990-10-17,1571
Mr. Denis Collis,2010-02-14,654
Ms. Harriet Woodcock,1994-01-19,459
Mr. Henry Thornton,1995-07-09,12
Mr. John Dowson,2010-02-18,1511
Mr. Johnny Quinn,2012-05-26,291
Mr. Doug Becker,2016-01-20,1611
Mr. Rick West,1992-10-02,218
Mr. Caleb Moreno,1998-03-14,783
Mr. Bob Wright,2018-12-07,1463
Mr. Kieth Thomson,1995-01-29,1775
Mr. David Grant,2012-02-05,471
Mrs. Carmen Moore,2014-04-03,628
Mr. Hank Hopkins,2002-08-19,503
Ms. Anne Mccall,1990-08-08,1624
Mr. Chester Edwards,2000-03-29,839
Ms. Camellia Weston,2015-05-08,911
Mr. Brad Cox,2003-05-08,400
Mrs. Andrea Olson,2007-06-26,273
Mr. Matthew Phillips,2013-04-14,706
Mrs. Lillian Russell,2018-09-24,1760
Mr. Chris Hardwick,2001-09-13,1938
Mr. Julius Mason,1993-12-26,566
Ms. Jane York,2003-08-01,1517
Mr. Mason Pond,1999-09-01,1072
Ms. Ruth Lee,2002-05-25,702
Mr. Bryon Brown,2009-04-18,1079
Mr. Erick Crawley,1999-06-09,761
Mr. Caleb Ramsey,2014-10-28,1767
Mr. Martin Murphy,2006-06-02,1206
Mr. Johnny Matthews,1999-04-04,1679
Mrs. Skylar Gibson,1999-04-17,1575
Mr. Erick Cunningham,2018-08-18,994
Mr. Martin Nicholls,2001-04-19,228
Mrs. Sofia Baxter,1998-01-14,1834
Mr. Mike Oakley,2002-10-12,230
Ms. Michelle Richardson,2013-12-14,1615
Mr. Gil Neal,2016-05-16,106
Ms. Samantha Overson,2018-06-04,990
Ms. Macy Haines,2001-07-14,1361
Mr. Mike Vangness,2007-11-15,428
Mrs. Jamie Fulton,2021-11-24,58
Mrs. Sarah Mcgregor,2012-06-02,782
Mr. Hank Potter,2006-05-23,1959
Mr. Peter Harris,2017-01-26,986
Mr. Chester Bell,2016-09-18,820
Mr. Daron Windsor,1998-03-27,1177
Mr. Tom Wills,2013-01-31,1927
Mrs. Amelia Hopkins,2004-04-19,440
Miss Carmella Higgs,2006-04-07,1819
Ms. Jmin Ellwood,2011-12-28,827
Mr. Logan Holt,2000-07-25,621
Mr. Kurt Steer,2011-12-17,192
Mr. Ryan Owens,2015-11-05,664
Ms. Tess Sherry,2001-01-27,827
Miss Kassandra Hogg,2021-01-28,1171
Mrs. Maribel Attwood,2009-10-28,917
Mrs. Beatrice Booth,2001-11-17,1181
Mr. Tyson Nayler,1999-12-04,302
Mr. Nick Goales,2010-03-08,363
Mr. Aiden Forth,2016-09-20,689
Mrs. Renee Wilkinson,2007-05-25,987
Miss Alessandra Adler,2003-03-07,1615
Ms. Remy Mooney,2004-03-26,150
Mrs. Chelsea Judd,1994-08-06,1516
Mrs. Iris Graham,2008-02-18,1889
Ms. Mya Cox,2010-07-23,1783
Mr. Chuck Benson,2008-02-16,762
Miss Sofia Waterson,1992-06-10,1233
Ms. Shannon Watson,1994-04-13,139
Mr. Liam Shaw,1993-11-15,512
Mr. Bart Lloyd,1990-08-25,1670
Ms. Marie Blackwall,2001-12-14,1615
Mrs. Elly Burge,2002-11-30,160
Ms. Marla Stevens,2004-03-17,565
Ms. Quinn Quinton,2012-01-17,947
Mr. Mason Coleman,2016-04-26,1010
Mrs. Shay Wilkinson,1997-03-05,463
Mrs. Gemma Brock,2008-06-19,108
Mrs. Clarissa Lowe,1995-02-04,1017
Mrs. Lana Santos,2004-06-17,532
Mr. David Rogers,2011-07-29,1736
Ms. Mackeie Nicholls,2009-01-09,1432
Ms. Audrey Khan,2000-11-14,853
Ms. Leilani Logan,2002-11-28,1608
Miss Angel Saunders,2014-08-09,303
Ms. Belinda Murray,1997-06-20,504
Miss Monica Seymour,2003-02-03,1135
Miss Mayleen Poulton,2021-05-24,1503
Miss Rowan Owens,1990-10-17,1450
Mr. Matt Jackson,2006-10-24,910
Mr. Michael Wilkinson,2008-03-09,1942
Mr. Sebastian Scott,2003-12-29,361
Mr. Daniel Collins,2000-05-14,1719
Mrs. Rihanna Dickson,2001-09-21,1839
Ms. Britney Yoman,2001-07-20,1677
Miss Jaylene Donnelly,2000-05-02,1520
Mr. Aiden Hardwick,2020-10-12,1747
Mr. Fred Wright,2018-01-05,1083
Mrs. Sloane Willson,2021-01-17,1672
Ms. Cherish Bolton,2016-05-12,356
Mr. Percy Shepherd,1991-06-03,193
Mr. David Lunt,2020-02-07,1253
Mr. Carter Butler,2002-08-23,383
Mr. Chad Gibson,2018-02-15,1247
Mr. Nathan Truscott,2003-10-22,1444
Mrs. Dasha James,2020-01-12,1795
Miss Shelby Trent,2004-06-29,872
Mr. Daniel Hobbs,2014-05-26,1217
Mr. Liam Tanner,2011-08-05,331
Mr. Caleb Dallas,2012-09-25,516
Miss Sonya Bloom,1996-09-23,1596
Mr. Rocco Rothwell,2012-06-23,69
Mr. Barry Simpson,2020-06-11,1942
Mr. Matt Gray,2011-02-14,377
Ms. Charlotte Thomson,1996-12-31,1771
Mr. Lucas Walsh,2021-11-24,1058
Mr. Kurt Horton,2020-11-08,962
Mrs. Margaret Mitchell,2014-08-05,577
Mrs. Alexia Kennedy,2016-07-17,95
Mr. Boris Osman,2017-12-14,205
Mr. Maxwell Roscoe,1994-08-14,978
Mr. William Gunn,2012-11-26,509
Mr. Carl Stewart,2008-08-29,684
Mr. George Benfield,2012-04-01,272
Ms. Karla Walter,2014-09-21,881
Miss Carmella Palmer,2014-09-05,414
Mrs. Belinda Jacobs,2003-04-27,523
Mrs. Ilona Kennedy,1997-01-02,721
Mr. Clint Rogers,1996-12-25,27
Mrs. Harmony Parr,1992-06-14,1592
Mr. Mike Stevens,2007-03-27,1240
Ms. Christy Gray,2020-12-16,610
Mrs. Phoebe Franks,1998-09-26,1543
Mr. Jack Tyrrell,2011-12-04,1591
Miss Cecilia Williams,1999-11-23,79
Mr. Aiden Mcgregor,1999-08-05,351
Mr. Harvey Trent,2012-09-08,1846
Mr. Ryan Wooldridge,2017-12-23,1749
Miss Aurelia Gallacher,2007-08-29,348
Mrs. Tania Rogan,2005-04-18,156
Mr. Javier Verdon,1996-09-28,137
Mr. Tyson Butler,1998-10-15,1314
Mrs. Mina Whitehouse,2009-02-17,1280
Ms. Lorraine Pope,2004-06-28,960
Mr. Rufus Brett,1993-09-16,776
Mr. Denny Ellison,2011-04-13,1042
Mr. Mark Devonport,1995-04-09,1162
Mr. Bart Appleton,2010-11-27,206
Mr. Peter Gaynor,1997-05-28,1500
Ms. Alma Yard,2009-08-24,1235
Mr. Chuck Slater,2010-11-03,831
Mr. Roger Norman,1990-09-12,671
Mr. Brad Hunt,2019-02-25,160
Mr. Logan Cassidy,2003-06-17,768
Mr. Domenic Payne,1994-10-03,123
Mr. Bart Emerson,1991-01-17,1906
Miss Victoria Lunt,2016-02-06,177
Mrs. Carla James,2010-11-05,280
Mrs. Miley Reid,2013-10-16,64
Miss Allison Gaynor,1997-10-11,789
Ms. Angelica Carson,2009-11-01,1454
Mr. Jack Stevenson,2020-02-25,1304
Miss Britney Sherry,2021-09-17,886
Mrs. Britney Poole,1993-02-06,1656
Ms. Emma Lloyd,1992-03-02,517
Mr. Joseph Long,2006-01-14,916
Ms. Alexia Gates,2001-05-27,757
Mr. Anthony Howard,2019-07-20,1432
Mr. Mason Carter,2007-04-08,221
Mr. Manuel Burnley,2017-07-25,597
Mr. Julian Truscott,2006-06-01,1189
Mr. Rocco Sanch,1997-09-06,1691
Ms. Emerald Kennedy,2015-04-04,1510
Mr. David Morris,2021-01-05,1649
Mrs. Josephine Leigh,2005-09-28,550
Mr. Eduardo Thorne,2020-02-23,1885
Miss Emerald Hale,2006-01-19,1113
Miss Evelynn Collins,2002-02-02,543
Ms. Evelynn Notman,2019-06-03,1222
Miss Thea Glynn,2018-07-24,1340
Mr. Henry Wellington,1994-12-04,273
Ms. Leslie Torres,2004-01-03,1899
Mr. Doug Dallas,1992-12-12,645
Mr. Daniel Rowan,1993-05-16,27
Mr. David Wright,1996-11-20,135
Mr. Nate Healy,2000-11-25,1368
Mr. Martin Walker,2010-01-05,1883
Mr. Maxwell Moore,1997-10-31,276
Mr. Oliver James,1996-09-02,4
Miss Gina Latham,1992-11-28,192
Mr. Jayden Lomax,1996-10-11,1695
Miss Mara Nobbs,2008-12-29,1189
Ms. Helen Corbett,2017-09-23,288
Ms. Danielle Walter,2016-07-27,561
Ms. Drew Talbot,2014-05-15,1192
Mr. Maxwell Ainsworth,2001-08-04,4
Mr. Domenic Bishop,2019-07-21,673
Mr. Liam Knott,1991-05-18,1275
Miss Angelica Jennson,2003-06-21,516
Mrs. Hayden Ingham,2015-01-23,1063
Mr. Lucas Bristow,1995-08-24,20
Mr. Mike Woodley,2014-02-09,707
Miss Marigold Thompson,1997-06-19,286
Mr. Lucas Saunders,2004-04-20,1921
Ms. Rosie Andersson,2016-07-25,1196
Mrs. Marigold Coates,1990-05-28,1984
Ms. Evelynn Martin,2015-10-08,1466
Mr. Manuel Stewart,1994-12-12,1966
Miss Carissa Clayton,1992-01-05,1290
Mr. Fred Garcia,2015-03-31,956
Mr. Johnny Shaw,2011-07-21,882
Miss Jasmine Selby,2013-06-16,1123
Miss Maddison Hobbs,2020-11-14,1142
Mr. Enoch Mould,2008-05-23,817
Mr. Sebastian Ellery,2011-03-31,1213
Mrs. Jacqueline Downing,1991-03-03,1595
Mr. Josh Waterson,1998-02-19,348
Mr. Barry Tyler,1993-01-11,829
Miss Livia Anderson,2010-09-17,64
Ms. Paula Cooper,2005-06-23,760
Mr. Carter Burge,2012-06-30,1670
Mrs. Alessia Brett,2009-05-05,978
Mr. Wade Fenton,1993-05-25,285
Mr. Chadwick Boyle,1991-02-20,554
Ms. Robyn Newman,1998-01-03,1296
Miss Sadie Booth,2015-08-05,1913
Miss Catherine Oakley,1992-10-26,77
Mrs. Lorraine Myatt,2020-02-18,1837
Mr. Tyler Powell,1994-11-21,786
Mr. Jayden Beal,1990-10-22,1789
Miss Aurelia Thompson,2001-03-15,1783
Mr. Bart Groves,1993-05-25,158
Mr. Enoch Shea,1997-08-06,28
Mrs. Shannon Edmonds,2013-07-07,1115
Miss Caydence Mills,1996-08-24,1040
Mr. Nathan Stone,2005-10-03,962
Miss Camila Connell,2015-08-10,949
Miss Vanessa Richardson,2015-05-13,1375
Mrs. Harmony Ross,1994-09-09,1263
Mr. Ronald Boyle,2009-06-10,837
Mr. Daniel Shea,2008-05-24,993
Ms. Bristol Franks,2016-05-11,750
Mr. Bob Buckley,2002-07-01,1503
Mr. Ethan Ebbs,2007-04-01,555
Mr. Gabriel Fowler,2018-09-04,586
Mr. Chester Saunders,2020-02-18,494
Mr. Chuck Mooney,2017-08-25,1761
Mr. Joseph Butler,2015-04-21,1977
Mr. Benjamin Baxter,1992-03-05,1708
Ms. Christy Raven,1992-09-02,722
Mr. Harry Hopkins,1991-11-02,1939
Mr. Russel Everett,2008-07-25,1698
Mr. Nick Gavin,2014-10-20,1857
Ms. Mandy Robertson,2002-12-22,187
Miss Lara Morrison,2019-11-09,842
Mrs. Jenna Casey,2016-12-08,1229
Mr. Mark James,2019-12-18,1652
Mr. Alexander Gray,2010-10-04,478
Mr. Chester Leigh,2013-11-23,1512
Mrs. Elise Rixon,1993-05-07,676
Miss Jane Dillon,1997-07-23,687
Mr. Julian Sanch,1993-10-22,1000
Mrs. Alexia Vincent,2009-08-16,139
Mrs. Helen Rogers,2018-10-31,1553
Ms. Chelsea Slater,2003-10-09,394
Miss Sylvia Woodley,2018-03-23,608
Miss Lara Armstrong,1999-02-09,1720
Mr. Carl Bowen,2004-04-09,1852
Mr. Eduardo Booth,2017-04-20,1498
Miss Esmeralda Stewart,2016-10-12,1977
Ms. Sara Vernon,2005-07-20,393
Ms. Noemi Fall,1993-10-14,686
Mr. Bart Beal,2010-01-15,1600
Mr. Javier Graves,1992-06-10,394
Mr. Hank Oldfield,2001-02-21,1712
Mrs. Clarissa Goldsmith,2006-08-15,1009
Mr. Oliver Morgan,2014-03-17,1990
Miss Bristol Connor,2018-09-20,602
Ms. Maggie Abbot,2013-11-27,107
Ms. Sage Roberts,2012-02-14,953
Mr. Rick Mills,2001-12-09,1213
Mr. Phillip Cadman,2020-05-30,392
Ms. Carol Bright,1999-04-09,568
Mr. Marvin Ellwood,2008-10-25,835
Mr. Boris Umney,2009-08-10,1679
Mrs. Regina Snell,1994-01-16,372
Mr. Bryon Gibson,2005-05-03,294
Ms. Livia Lindsay,2017-09-13,1067
Mrs. Martha Rogan,2017-03-28,1098
Ms. Celia Hooper,2017-08-16,1006
Mr. Jacob Attwood,1993-12-02,859
Mr. Aiden Stewart,2008-10-28,1901
Mr. Nicholas Phillips,1990-10-15,254
Mrs. Erin Farrow,2010-08-26,1771
Ms. Erica Taylor,2012-06-20,176
Mrs. Goldie Horton,1992-04-03,508
Mrs. Rosemary Jackson,2001-08-08,996
Mr. Johnathan Speed,2021-06-14,1864
Mrs. Aleksandra Saunders,2004-11-28,155
Ms. Angelica Fenton,1991-12-02,1158
Miss Elly Walker,1993-03-11,79
Mrs. Jamie Chadwick,2018-11-14,560
Mr. Eduardo Hood,2001-06-24,1825
Mrs. Jmin Evans,2018-11-10,1548
Mrs. Erin Partridge,2000-10-23,760
Mrs. Sabina Kirby,2015-02-05,1948
Mr. Peter Anderson,2003-12-18,1310
Mr. Ryan Flack,2021-08-27,218
Miss Katelyn Hancock,2007-11-06,343
Mr. Johnathan Gilmour,1994-06-21,1438
Miss Valentina Underhill,2017-04-25,1911
Mr. Chris Holmes,2002-12-01,1190
Ms. Abbey Rixon,1996-04-08,850
Mrs. Audrey Allington,2011-08-15,1823
Mr. Anthony Plant,2019-10-04,824
Mr. Russel Gosling,2014-07-11,683
Mrs. Andrea Oswald,2009-06-01,924
Mr. Rocco Faulkner,1995-06-03,1331
Mr. Percy Dillon,2017-07-05,844
Mr. Rick Farmer,1995-07-10,1571
Mrs. Ivette Morris,2009-04-07,1197
Miss Allison Parsons,2004-05-29,508
Mr. Matthew Harris,2003-07-25,754
Mr. George Ulyatt,2009-09-24,1591
Mrs. Candace Rowan,1996-08-24,1574
Mrs. Jackeline Jordan,1998-10-02,187
Mr. Henry Overson,2015-04-27,1824
Mr. Maxwell Whitehouse,1996-11-27,1562
Mr. Josh Graves,2004-04-13,275
Mr. Javier Lakey,1995-05-18,521
Miss Cadence Ward,1992-01-13,1603
Mrs. Emery Nanton,2005-03-06,1417
Mr. Marvin Lowe,1996-05-31,1418
Mr. George Hunter,2009-03-09,1454
Mrs. Sasha Gregory,2010-06-21,1909
Ms. Alexa Shields,2006-05-25,765
Mrs. Teagan Quinn,1993-10-12,1643
Mr. Hayden Skinner,2020-07-16,1697
Mr. Javier Brooks,1992-08-14,305
Mr. Cedrick Mooney,2013-08-24,833
Miss Erin West,2021-09-13,1291
Mrs. Lexi Rose,2003-05-17,1119
Ms. Julianna Murray,2018-10-02,1060
Mr. Sebastian Morgan,2010-03-23,530
Mr. Tony Ashley,2007-01-11,842
Mr. Noah Tate,2012-02-25,76
Ms. Isabella Bennett,2021-07-19,607
Mr. Carter Nelson,2009-03-23,1062
Mr. Phillip Brooks,1993-07-14,1640
Mr. Manuel Morris,2008-11-08,1617
Ms. Marina Davies,1993-09-06,368
Mrs. Alexia Gavin,1996-09-28,1175
Mr. Chuck Dyson,2005-04-25,1923
Mr. George Bailey,2016-03-06,407
Mr. Julian Mason,1999-07-19,509
Ms. Sloane Paterson,1994-11-14,823
Ms. Alex Norton,1995-10-26,110
Mr. Logan Garcia,2010-12-27,498
Mr. Jack Martin,2019-05-15,752
Mr. Nicholas Douglas,1993-04-20,1467
Mr. Aiden Rees,2005-08-26,887
Miss Trisha Grey,2011-11-07,1029
Mrs. Abbey Andrews,2005-12-18,1395
Miss Angel Duvall,2011-10-24,236
Mr. Daron James,2017-05-10,41
Miss Margot Curtis,2005-07-05,863
Mr. Michael Parr,1994-04-21,48
Mr. Wade Gordon,1997-12-03,273
Mr. Harry Harris,2014-03-20,1351
Mrs. Mackeie Hill,1992-06-10,1581
Mrs. Claire Edler,2005-10-12,1605
Miss Evie Taylor,2004-06-13,1411
Mrs. Makeie Bradshaw,1990-06-16,762
Mrs. Amelia James,2005-06-14,317
Miss Michaela Buckley,2017-11-20,760
Mr. Doug Hammond,1993-09-30,1069
Ms. Rowan Button,2017-12-24,1216
Ms. Allison Cox,2013-05-21,1656
Ms. Isla Isaac,1995-02-02,1888
Mr. Nicholas Graves,2012-08-04,350
Mr. Roger Simpson,2017-04-24,519
Miss Ema Potts,2014-05-07,410
Mr. Doug Tutton,1998-04-02,25
Mr. Peter Knight,2013-07-23,1174
Mr. Chad Swift,1997-09-22,817
Mrs. Maribel Gunn,2014-09-25,329
Mr. Fred Woods,2017-12-17,1946
Mr. Gil Bristow,2016-08-05,271
Miss Cherish Locke,2009-02-13,1298
Mr. Brad Walton,2013-01-21,477
Ms. Gina Cavanagh,2011-09-12,185
Mrs. Remy Harper,2015-04-26,202
Mrs. Marilyn Exton,1995-06-28,577
Mr. Johnathan Wright,2011-02-06,792
Miss Aileen Harris,2010-10-10,1011
Mr. Boris Jenkins,2000-11-19,761
Miss Keie Carter,2019-03-04,1168
Ms. Emerald Bailey,1999-06-14,229
Mr. Boris Coleman,2000-01-16,947
Mrs. Blake Roberts,1997-10-24,385
Mr. Ramon Evans,2008-09-08,1362
Mr. Daron Farmer,2007-09-16,1404
Mr. Harry Underhill,2011-10-11,1948
Mrs. Thea Uttley,1991-02-19,947
Mr. Fred Garner,2009-06-23,1848
Mr. Eduardo Knight,2002-11-23,920
Mr. John Hepburn,1998-05-05,1720
Mrs. Livia Allcott,2007-04-24,78
Ms. Eryn Andersson,2000-01-23,148
Ms. Rosalee Ingham,1994-07-08,122
Mr. Russel Notman,2001-02-19,119
Mr. Chuck Gallacher,1998-02-06,1913
Mr. William Squire,1997-09-12,441
Mr. Aiden Alldridge,1992-04-08,986
Mr. Boris Attwood,2001-01-10,505
Mr. William Power,1991-08-02,1674
Mr. Boris Truscott,2015-02-20,1382
Mr. Martin Hill,2013-02-02,1374
Miss Anne Cadman,2001-10-02,1875
Mr. Marvin Curtis,1992-09-03,657
Mr. Aiden Mcneill,2002-07-24,832
Miss Evie Moore,2009-09-04,1002
Mrs. Luna Shaw,1993-07-15,1054
Mr. Oliver Boyle,2006-11-01,881
Mrs. Lillian Graham,2017-11-13,96
Mr. Hank Adams,2016-11-10,1288
Mr. Nicholas Leigh,2000-05-21,247
Miss Mackeie Hunt,2000-08-17,319
Mr. Michael Randall,2017-12-19,1049
Mrs. Christine Morley,2009-07-17,1035
Mr. Bryon Vane,1996-12-10,1388
Mrs. Melanie Torres,1997-01-03,538
Mr. Mark Lee,2009-09-15,1210
Mr. Carl Woodley,2016-06-29,1269
Mr. Maxwell Wild,2010-11-30,477
Mr. Chadwick Tanner,1997-06-02,1303
Mr. Bart Calderwood,2007-05-07,870
Mr. Matthew Woodley,2016-12-27,1605
Ms. Willow Edwards,2010-12-17,135
Miss Lexi Knight,2016-08-29,260
Ms. Rosa Robertson,2015-03-17,1447
Ms. Megan Matthews,2020-02-21,1356
Miss Rosa Amstead,2007-08-04,571
Miss Renee Coll,2010-01-14,554
Miss Alessia Steer,2015-06-29,416
Mr. Eduardo Nanton,1991-12-12,582
Ms. Alessia Goales,1994-02-14,1090
Mr. Phillip Price,1999-05-18,1123
Mr. David Shaw,2014-08-11,726
Miss Norah Snow,2009-05-31,548
Mr. Harvey Young,2018-06-13,255
Ms. Natalie Ellis,2009-09-19,1535
Mr. John Phillips,2019-09-25,872
Miss Robyn Osman,1997-01-16,930
Mr. Gil Griffiths,2018-11-08,1850
Mr. Jayden Fulton,2004-09-29,941
Ms. Rosemary Cavanagh,2019-03-17,1357
Miss Ember Russell,2020-09-28,562
Mrs. Morgan Carpenter,1991-05-28,1620
Ms. Elise Todd,2009-09-27,1427
Miss Norah Yarlett,2009-11-04,979
Ms. Bernadette Kent,2005-03-30,1253
Mr. Barney Jeffery,2016-04-25,1276
Mr. Hank Jobson,2003-03-13,248
Mr. Carter Carson,2010-07-24,568
Mr. Denis Rodgers,1994-01-08,952
Mrs. Leilani Dyson,2015-12-25,1855
Mr. Danny Connell,2005-01-17,1539
Miss Sonya Hunter,2005-06-15,486
Ms. Vera Dann,2007-11-25,338
Ms. Juliet Shaw,2007-10-16,427
Ms. Marilyn Barrett,2012-10-25,345
Mr. Roger Penn,1992-08-08,195
Ms. Summer Skinner,2000-12-20,1373
Mrs. Daria Wild,1991-10-27,496
Mr. Nick Farrant,2008-12-14,845
Mr. Roger Andersson,2011-07-24,1091
Ms. Piper Carpenter,2007-02-17,401
Mrs. Louise Todd,2019-01-11,1648
Ms. Mayleen Malone,1990-07-31,1201
Mr. Denis Craig,2008-11-21,705
Mr. Chester Leslie,2010-09-01,1023
Mrs. Beatrice Edley,2005-02-12,1899
Ms. Anabel Yang,2006-02-07,235
Miss Hayden Rust,2001-04-14,917
Mrs. Kaylee Cadman,2018-04-13,1698
Mr. Noah Shaw,2021-08-08,586
Miss Sadie Corbett,1995-06-22,1255
Mr. Jayden Connell,2008-04-09,35
Ms. Hope Fenton,2006-06-16,65
Miss Mya Whatson,1991-11-14,1675
Mrs. Victoria Faulkner,2010-02-27,1408
Mr. Nathan Lynch,2015-08-21,52
Mr. Jacob Corbett,2018-12-04,1050
Mr. Nathan Mason,2005-07-16,1955
Mr. Harry Broomfield,2007-07-27,1281
Ms. Nancy Emmott,2018-10-13,1066
Mr. Mason Palmer,1997-12-29,663
Mr. Liam Tindall,1997-12-09,60
Mr. Carter Pierce,2004-05-16,1428
Mr. Ramon Needham,1993-09-04,1800
Ms. Parker Selby,2014-09-25,515
Mr. Erick Lunt,2016-04-22,294
Mr. Chad Wilton,2014-03-26,1060
Mr. Brad Andersson,2015-02-12,165
Mr. Wade Blackwall,1993-07-26,286
Mr. Kurt Thomas,2003-05-26,112
Miss Kassandra Benson,2008-11-08,1792
Ms. Regina Chester,2017-02-04,1914
Mr. John Hill,2002-04-27,1785
Miss Payton Baxter,2001-01-09,470
Miss Margot Bishop,2010-12-01,1077
Miss Shelby King,1990-03-18,678
Ms. Maya Buckley,2018-03-01,1466
Ms. Bree Stevens,1998-03-01,1961
Miss Mona Slater,1993-06-15,669
Mr. Josh Quinn,1999-01-10,1055
Mr. Manuel Osman,2008-10-21,1630
Mrs. Ilona Bryant,2012-01-01,621
Mr. Matt Silva,1992-07-11,1053
Mrs. Candice Clarke,2011-04-17,1752
Mr. Jacob Tutton,1990-12-17,1263
Mr. Carter Potter,2009-03-03,1953
Mrs. Nicole Bennett,2013-07-18,1561
Miss Mandy Becker,2018-12-26,1095
Miss Cassandra Reynolds,2009-06-24,1391
Mr. Doug Nanton,1991-06-12,380
Ms. Paige Pickard,2019-07-08,1889
Ms. Catherine Exton,2007-02-24,242
Ms. Helen Greenwood,2015-09-08,1648
Mrs. Harriet Cunningham,1991-09-30,976
Miss Alba Booth,1998-06-27,23
Mr. Michael Bishop,1996-09-29,1793
Ms. Emery Morrison,2002-06-14,106
Miss Rosemary Warren,1996-06-19,1844
Mr. Kieth Simpson,2000-04-03,1501
Miss Molly Rogers,2014-04-26,42
Mr. Clint Randall,2007-02-27,1234
Mr. Jack Thorpe,2004-03-22,233
Mr. Anthony Calderwood,2008-05-03,619
Mrs. Melania Mccormick,1991-06-05,1389
Mr. Owen Warren,1992-09-05,884
Miss Lillian Glynn,1999-04-07,471
Mr. Martin Clifton,2014-01-27,1295
Ms. Aeris Wallace,1992-12-11,1736
Ms. Celina Booth,2020-08-12,104
Mrs. Sasha Abbey,2017-07-23,1943
Miss Beatrice Herbert,1993-06-28,812
Mrs. Bree Bolton,2005-03-22,1891
Mr. Lucas Hunter,2001-10-02,1336
Mr. Jacob Baker,1999-02-03,400
Mr. Cedrick Devonport,2001-08-05,1788
Mrs. Charlotte Gibbons,1991-09-06,1851
Mr. Johnny Connell,2011-04-29,163
Mr. Mark Sawyer,1995-02-25,1647
Miss Violet Wood,1996-02-12,600
Mrs. Makeie Stevens,2017-09-20,414
Mrs. Cynthia Groves,1995-06-10,1399
Mr. Jack Dickson,2011-02-20,1426
Mr. Chester Asher,1992-10-12,1129
Mr. Russel Sanch,2019-08-15,1540
Mr. Caleb Russell,2020-07-29,108
Mr. Hayden Hill,2016-04-02,1288
Miss Adeline Bolton,2014-06-07,312
Mr. Daron Lambert,2004-09-07,1454
Mr. Chuck Allcott,2000-05-23,412
Mr. Clint Stewart,1998-04-25,835
Mr. Oliver Roth,2018-03-29,1199
Mr. Eduardo Thomson,2006-12-01,967
Mrs. Rosie Little,2021-04-04,91
Mrs. Jade Russel,2018-10-25,1763
Ms. Rae Sylvester,2019-05-05,53
Mr. Roger Lynn,2010-07-29,145
Miss Violet Hood,2009-04-16,1678
Mrs. Kendra Armstrong,2009-05-13,1509
Miss Carol Greenwood,2007-05-01,1663
Ms. Candice Lakey,2017-02-09,1347
Ms. Tiffany Notman,2003-09-13,344
Mr. Ryan Jenkins,1996-08-13,561
Ms. Lana Ebbs,1996-07-16,1372
Ms. Renee Giles,2003-07-06,1389
Ms. Eden Newman,2008-05-08,1943
Mr. Matt Martin,1993-07-19,1805
Mrs. Lynn Terry,2011-05-20,1992
Mrs. Tess Hardwick,1990-05-21,814
Miss Blake Callan,1997-10-22,1091
Miss Candice Holt,1994-09-24,1302
Ms. Cassidy Shields,2000-09-16,752
Ms. Jules Chester,1995-07-01,1182
Ms. Joyce Varley,2008-04-16,885
Ms. Jessica Hancock,2003-09-24,731
Ms. Alma Martin,2003-02-13,1142
Miss Jmin Goldsmith,2004-09-02,1319
Mr. Russel Sherry,2016-10-15,620
Miss Samara Shields,2010-08-17,688
Ms. Emmanuelle Trent,2007-11-28,1954
Miss Paula Dixon,1993-02-13,571
Mr. Russel Oliver,1997-05-10,1192
Mr. Gabriel Roscoe,2017-04-11,450
Mr. Rufus Murphy,2000-03-01,1144
Mr. Ryan Barclay,1999-09-08,1398
Mrs. Candace Kelly,2001-04-30,1313
Mr. Matt Isaac,2008-04-18,671
Miss Nicole Warner,1990-05-06,1115
Mr. Rocco Ashwell,1996-05-28,1682
Miss Jaylene Faulkner,2004-01-23,1829
Ms. Eve Irwin,2015-07-07,1368
Mrs. Rosalyn Sherwood,2007-01-28,832
Mrs. Davina Neal,2007-05-22,1581
Miss Jaylene Burge,2021-09-22,1472
Ms. Ciara Fall,1993-01-10,1557
Mrs. Adalind Calderwood,2015-10-03,410
Miss Ruth Payne,2017-02-16,1717
Mr. Rufus Moss,2005-02-20,900
Mr. Russel Freeburn,2018-04-01,1764
Ms. Maddison Styles,2014-09-29,1792
Mr. Nathan Nurton,1998-02-02,867
Mr. Javier Neal,1991-11-23,1740
Mr. Gil Webster,2021-10-09,183
Mr. Alexander Gregory,1995-03-22,125
Mr. Chad Snell,2019-10-18,791
Miss Charle Varley,1998-05-26,1696
Ms. Jessica Corbett,2010-10-10,1126
Ms. Liv Simpson,2015-12-23,422
Mr. Rufus Khan,1990-04-16,1027
Ms. Meredith Russel,2006-11-13,1035
Mr. Luke Rogers,2019-10-09,116
Miss Alba Barclay,1995-08-01,408
Mr. Henry Allen,1996-10-30,1312
Mr. Phillip Johnson,2010-08-05,565
Miss Gwenyth Ashwell,2008-09-05,1895
Mr. Ramon Lomax,1991-07-01,1343
Mr. Matthew Wills,1997-10-23,415
Ms. Gloria Everett,2013-08-07,573
Miss Mayleen Butler,2016-03-27,963
Mr. Barry Brennan,2005-07-08,669
Mrs. Andrea Noach,2020-02-01,503
Mr. Michael Hogg,2014-11-03,106
Mr. Peter Rodgers,2003-05-28,836
Ms. Lily Long,1991-06-25,275
Mr. Ronald Mccall,1996-06-30,1366
Ms. Lauren Adler,1994-09-16,1184
Mr. Eduardo Lee,1999-12-16,309
Mr. Ethan Swan,1997-03-20,1164
Mr. Danny Tait,2008-03-05,1121
Mr. Kieth Simpson,2017-02-23,1392
Mr. Julian Egerton,2016-03-15,1487
Mrs. Julia Silva,1997-10-04,606
Mr. Eduardo Groves,2009-01-09,14
Mr. Ryan Morley,2010-12-22,1980
Ms. Dasha Thomson,2008-04-18,224
Mrs. Dasha Vinton,2009-10-01,868
Mrs. Judith Yard,1998-05-13,772
Ms. Priscilla Herbert,1999-01-23,703
Ms. Erin Isaac,1995-05-11,70
Miss Eileen Vinton,2015-11-03,1391
Miss Jolene Ring,2021-06-23,1952
Mrs. Fiona Mcguire,2007-02-26,1420
Mr. Denny James,2012-10-21,629
Miss Sabina Anderson,2012-01-15,1474
Mrs. Ally Willis,1994-06-02,1206
Miss Freya Dubois,2000-02-23,1414
Mr. Chuck Vallory,2009-02-09,872
Ms. Dakota Nicolas,2013-07-01,1869
Mr. John Walsh,2019-08-01,176
Mrs. Rae Thomas,2018-09-26,1649
Miss Bryce Chadwick,2019-12-15,550
Mr. Percy York,2000-07-15,497
Miss Rosa Walker,1992-07-18,321
Mr. Marvin Robinson,2009-10-12,1637
Mr. Javier Kelly,1994-04-30,1411
Mr. Daron Graham,2000-05-14,345
Ms. Goldie Reid,1992-01-31,251
Mr. David Judd,1998-10-13,1836
Mr. Julius Bell,2005-01-03,1082
Ms. Francesca Ellis,2000-02-18,1039
Mr. George Hamilton,2013-11-04,614
Mrs. Katelyn Paterson,2016-10-18,1044
Ms. Carina Anderson,1995-02-20,993
Mrs. Elena Rogers,2015-07-15,1760
Miss Cristal Glynn,2016-06-10,776
Mr. Elijah Knight,2001-04-25,1824
Miss Sabina Emerson,1990-08-29,1313
Mr. Erick Briggs,2007-08-09,500
Mr. Domenic Brooks,1999-11-29,273
Mr. Ramon Abbot,2004-01-31,1829
Miss Lauren Morley,2021-09-22,1553
Mr. Owen Bryson,2004-07-12,1355
Mrs. Diane Michael,2015-04-01,3
Mrs. Catherine Anderson,2019-04-20,398
Mrs. Lillian Clark,2002-12-09,1831
Ms. Mavis Haines,2014-09-08,1426
Mrs. Dasha Kennedy,1991-11-01,1011
Mrs. Bristol Warner,1990-04-25,1763
Mr. Hank Kirby,2007-06-13,1344
Miss Eden Rogers,1991-06-15,152
Mr. Chadwick Snow,1996-05-02,1199
Mr. Carl Walton,2010-03-04,1992
Mr. Noah Robinson,2012-01-25,354
Mr. Russel Dann,2017-06-12,1575
Ms. Cassidy Uddin,1994-01-12,1367
Mr. Bryon White,1998-05-26,1029
Miss Valentina Lewis,2013-01-03,1548
Mr. Sebastian Rowan,2021-06-24,1478
Mrs. Bridget Bowen,2000-03-07,1952
Mrs. Florence Mason,2015-06-26,529
Mrs. Mara Stevens,2017-01-20,1309
Mrs. Phoebe Flynn,2018-11-07,806
Mrs. Lara Selby,2006-04-27,842
Miss Piper James,1996-01-27,646
Mr. Joseph Nurton,2001-10-16,639
Mr. Johnathan Abbot,2010-12-16,515
Miss Karen Mcneill,2016-09-19,1982
Mr. Russel Wright,1998-11-20,1874
Mr. Tyler Raven,1991-12-09,164
Mr. Mark Walton,2020-03-22,1473
Miss Nancy Reynolds,2001-06-06,210
Mr. Josh Addison,2010-02-19,16
Mr. Carter Amstead,1994-01-24,746
Miss Savannah Fisher,1992-01-04,494
Mr. Chuck Snell,2010-03-15,1650
Ms. Davina Dale,2012-09-06,1306
Miss Jules Woodley,2010-04-19,42
Mr. Domenic Ellery,1992-04-02,625
Mrs. Fiona Neville,1999-04-01,1511
Miss Valerie Ward,2014-06-04,1821
Mrs. Marigold Norton,2009-08-26,625
Mr. Tony Blythe,2004-07-14,583
Ms. Christy Lowe,2011-11-05,1501
Mr. Aiden Lowe,1990-08-31,1150
Mrs. Iris Clarke,2011-09-29,502
Mr. Chris Wood,1994-03-04,1211
Mr. Cedrick Amstead,2019-12-29,414
Ms. Deborah Harrison,1995-09-17,707
Ms. Erin Simpson,2019-12-04,642
Mr. Daniel Marshall,1998-01-04,906
Mr. Clint Emmett,1993-04-12,95
Miss Kendra Tindall,2010-12-22,1125
Miss Alma Mccormick,2005-07-03,215
Ms. Angela Bailey,2017-07-22,923
Mrs. Agnes Wilkinson,2012-12-01,189
Mrs. Amelia Truscott,2020-01-22,1656
Ms. Hel Rossi,1998-09-26,299
Mr. Gil Cameron,2009-04-09,334
Mr. Gil Mould,1995-05-10,950
Mr. Bryon Hamilton,2020-04-12,248
Ms. Charle Lambert,2011-07-08,758
Mr. Denis Smith,2017-07-18,541
Mr. Matt Casey,2014-11-24,806
Miss Meredith Hall,2015-12-01,1065
Miss Adina Needham,2006-12-18,1651
Mr. John Yard,2016-01-24,1992
Ms. Alice Russel,1994-07-14,1129
Mr. Alexander Robinson,2020-02-14,1070
Miss Goldie Ross,2007-11-21,586
Mr. Daniel Locke,2014-05-25,60
Miss Scarlett Newman,1993-07-26,1083
Mr. Nick Burnley,2006-10-10,198
Mr. Ron Rixon,2001-07-20,1801
Ms. Rowan Dann,2020-09-29,1562
Mr. Abdul Davies,2016-03-26,1705
Mr. Carl Bryant,2010-07-03,274
Mrs. Noemi Edwards,2021-06-24,756
Miss Jessica Griffiths,1993-05-14,798
Miss Marilyn Lomax,1990-11-19,385
Ms. Nina Gilmour,1998-09-09,1917
Mr. Kieth Bolton,2008-04-01,8
Ms. Sarah Silva,1990-07-30,746
Miss Madelyn Adams,1998-09-23,1158
Miss Olivia Penn,2020-08-10,1411
Mr. Tony Walsh,2013-07-02,1343
Mr. Gil Stubbs,1993-10-05,740
Mr. Wade Wild,1990-12-05,886
Ms. Analise Thomas,1995-02-28,743
Miss Aeris Dobson,2008-11-16,1379
Ms. Rosa Hooper,2018-02-10,1248
Mr. Ronald Boyle,2003-05-28,832
Mr. Russel Hepburn,1996-07-15,1472
Mr. Cedrick Stark,2002-12-02,1456
Mrs. Dalia Jobson,2019-11-16,79
Mrs. Diane Lynch,2013-12-12,81
Mrs. Holly Smith,2000-12-24,364
Mr. Tony Bentley,1999-07-14,1255
Mr. Russel Jefferson,2017-10-30,1825
Ms. Kamila Ranks,2000-10-28,1402
Ms. Aeris Maxwell,2005-02-01,677
Mr. Gil Bennett,2019-12-13,1090
Mr. Aiden Oatway,2015-07-09,314
Mrs. Ruth Davies,2016-11-28,527
Mr. Kieth Fowler,2007-09-29,318
Miss Abbey Blackwall,2006-01-07,32
Mr. Caleb Hood,1990-12-09,421
Mr. Carl Corbett,2007-07-21,1565
Mr. Abdul Shaw,1999-02-04,701
Mr. Denis Penn,2018-10-25,733
Mr. Bryon Tanner,1998-07-04,885
Miss Mona Norton,2009-11-02,341
Mr. Johnathan Anderson,2016-10-12,1800
Mr. Leroy Porter,1995-02-19,1472
Mr. Bob Niles,1992-05-31,187
Mr. Nate Knight,2021-03-08,837
Mrs. Hayden Nobbs,1991-12-07,941
Mr. Logan Edwards,2001-04-17,1201
Ms. Louise Newton,2007-12-11,231
Mrs. Taylor Wellington,2008-02-09,1472
Mr. Martin Gallacher,1999-06-19,514
Mr. Tyler Reyes,1999-10-18,1063
Mr. Hayden Clark,1991-09-07,158
Mr. Elijah King,2010-07-31,1319
Mr. Hayden James,1999-07-16,555
Mrs. Karla Warner,2010-09-19,282
Miss Mackeie Weatcroft,1995-08-22,60
Mrs. Louise Page ,1995-04-08,462
Mr. Percy Jones,2003-07-29,1137
Mr. Cedrick Weldon,1996-02-02,977
Mrs. Esmeralda Salt,2001-05-21,417
Mr. Rufus Robertson,1991-03-15,735
Mr. Michael Fox,2007-02-17,451
Mrs. Celina Walsh,2009-02-14,1041
Miss Shannon Vernon,2019-02-18,1537
Mr. Martin Palmer,2003-09-29,1699
Mr. Ramon Hardwick,2000-01-11,296
Miss Crystal Driscoll,1994-06-23,829
Ms. Dasha Gardner,2006-12-28,621
Miss Emma Marshall,2004-12-28,636
Mrs. Luna Trent,2007-04-04,1570
Mr. Roger Marshall,1996-03-19,639
Ms. Maddison London,1996-08-14,1936
Mr. Bryon Graves,2013-02-13,341
Ms. Stephanie Owen,2017-01-07,1086
Mr. Mason Hall,2014-07-09,181
Mr. Nicholas Funnell,1995-02-25,983
Ms. Marilyn Jones,2014-06-27,1971
Mr. Chris Pond,2017-10-09,1069
Mr. Chuck Hardwick,2008-12-02,88
Ms. Andie Mitchell,2018-04-26,1882
Mr. Jayden Leslie,2010-02-15,1897
Mr. Martin Martin,1999-11-19,1035
Mrs. Mandy Fall,2013-04-07,832
Mr. Liam Nicholls,2021-12-20,836
Ms. Taylor Broomfield,2014-01-14,259
Mr. Noah Silva,2002-10-01,613
Mr. Tony Duvall,2003-04-27,749
Mrs. Havana Weasley,2002-08-04,1044
Mrs. Caitlyn Ebden,1992-04-22,496
Mr. Johnny Clark,2003-03-12,1439
Ms. Maria Edwards,1994-03-05,1210
Mr. Henry Mcneill,2012-07-17,1249
Miss Doris Ellwood,2021-08-05,1130
Mr. Ronald Sherwood,2010-03-15,1981
Mr. Bob Hudson,1994-03-31,545
Miss Miley Steer,1997-11-30,1679
Mr. Maxwell Davies,2016-03-06,1424
Miss Stacy Ebbs,2019-11-19,75
Mr. Harvey Bloom,2000-11-16,526
Mr. William Page ,2010-03-03,678
Miss Harriet Irving,2003-05-01,776
Mr. Matt Nash,2017-07-25,1595
Mr. Rufus Price,2012-07-20,243
Mrs. Summer Norris,2012-08-10,1813
Mr. Ramon Stone,2013-02-01,1569
Miss Gloria Cork,2007-06-29,1239
Ms. Stacy Weasley,2020-07-19,323
Mr. Ronald Truscott,2001-10-28,1035
Ms. Lauren Newman,2001-08-03,845
Miss Hailey Eddison,1997-02-22,449
Miss Marjorie Dallas,2016-01-25,1693
Mr. George Appleton,1997-12-15,956
Mr. Manuel Hopkins,2020-02-14,1393
Mr. Cedrick Quinnell,2019-06-26,1468
Miss Victoria Vallory,2021-06-20,629
Mr. Matthew Garcia,2009-05-30,344
Ms. Harriet Williams,1998-10-26,1782
Mr. Ethan Andersson,2004-12-12,1849
Mr. Maxwell Stewart,2011-04-10,1073
Mrs. Adelaide Gordon,2007-08-10,1524
Mr. Benjamin Khan,2001-10-20,23
Mr. Noah Anderson,2002-09-16,355
Miss Christine Scott,2013-10-11,1333
Mrs. Hadley Fisher,2012-01-23,206
Mr. Erick Sinclair,2003-01-15,911
Mrs. Maia Jenkins,1990-08-08,279
Mr. John Ellery,1995-06-19,978
Mrs. Goldie Porter,2010-12-17,1944
Mr. John Trent,2004-06-01,1499
Mr. Jack Gilmour,1996-11-16,195
Mr. Nicholas Harper,2006-05-02,1107
Mr. Chuck Reynolds,2016-08-02,819
Miss Juliet Fleming,1992-09-23,199
Miss Carmen Samuel,2014-05-01,1987
Mrs. Louise Brock,2004-01-09,732
Ms. Keie Roman,2021-07-12,1209
Mr. Barney Eyres,2008-10-19,1293
Ms. Liliana Scott,2001-04-18,949
Missara Gunn,2006-10-31,828
Mr. Julian Herbert,2002-12-27,710
Miss Davina Shelton,2013-04-14,428
Ms. Elly Thomas,2013-07-15,1472
Mrs. Carol Plant,2016-01-26,1424
Mr. Harry Palmer,2017-10-24,1376
Mrs. Shay Vallins,2000-01-22,632
Ms. Sofia Watson,2003-01-23,345
Miss Davina Booth,2006-06-24,1526
Ms. Anabel Carpenter,2020-08-17,1034
Mrs. Abbey Leslie,2008-06-03,419
Mr. Johnathan Rainford,1993-07-15,562
Mr. Daniel Reese,2004-05-27,103
Mrs. Cecilia Jarrett,2001-10-15,98
Mr. Barney Allcott,1990-12-15,1615
Mr. Chester Shaw,2008-12-31,1051
Miss Karen Franks,1993-11-07,883
Ms. Sarah Knight,1996-08-01,1153
Mr. Owen Talbot,2005-09-14,1133
Mr. Josh Wilton,2004-04-22,1992
Mr. Michael Radley,1990-04-08,1069
Mrs. Rosemary Radcliffe,2002-08-25,1673
Ms. Jennifer Taylor,2002-09-25,1093
Mr. Logan Glynn,2016-01-16,1791
Mrs. Jessica Chappell,1995-03-10,504
Mr. Rocco Potts,1998-03-06,122
Ms. Vanessa Edler,2008-10-04,884
Mrs. Lily Antcliff,2008-05-29,1381
Mrs. Livia Grady,2011-06-04,1029
Miss Leanne Yang,2011-03-15,295
Mr. Bart Casey,2011-08-21,308
Miss Sadie Haines,2010-03-25,629
Mr. Russel Gilmore,1996-09-29,1689
Mrs. Mayleen Bingham,2008-12-30,652
Mr. Harvey Cameron,1992-08-28,1535
Ms. Kendra Redfern,1990-06-26,1922
Ms. Keira King,2017-06-28,1809
Mr. Daron Freeburn,2013-05-15,157
Mr. Logan Mason,2010-04-02,1964
Mr. Chris Douglas,1991-08-30,390
Mrs. Bethany Robertson,2016-08-10,1620
Mrs. Parker Vallins,2005-03-12,939
Mrs. Cynthia Waterson,2021-03-27,419
Mr. Julius Saunders,2007-01-20,529
Mr. Benny Drew,2016-04-16,701
Miss Analise Lee,1995-02-24,1560
Miss Jmin Widdows,2003-10-11,1445
Mr. Ronald Booth,1992-03-11,1642
Mr. Julius Jackson,1991-11-30,534
Mr. Domenic Abbot,2000-01-21,447
Ms. Melania Eddison,2004-05-10,1616
Mr. Phillip Allwood,1999-05-25,1292
Ms. Samara Dunbar,2000-05-12,1543
Ms. Carrie Price,1995-06-16,695
Ms. Evie Graham,2011-12-17,273
Mr. Liam Gallacher,2015-06-11,447
Mrs. Emmanuelle Nelson,1994-12-15,877
Mr. Johnathan Grant,2010-04-21,339
Ms. Emely Yang,2015-02-14,1626
Mrs. Shannon Baker,2015-08-30,1587
Mr. Gabriel Quinton,2012-03-07,24
Mr. Bob Sloan,2007-10-03,548
Miss Carmella Hunt,1996-12-19,1543
Mr. Nick Coleman,2008-05-26,1584
Ms. Cameron Rodwell,2007-12-24,722
Mr. Chuck Norris,2016-02-09,1518
Mr. Marvin Coll,2002-06-15,1207
Mrs. Ember Matthews,2008-05-19,118
Mrs. Havana Carter,2015-12-31,291
Ms. Skylar Salt,2014-06-05,388
Mr. Johnathan Alldridge,2006-06-06,996
Mrs. Shannon Durrant,1990-06-04,236
Ms. Bryce Fowler,1990-03-11,1727
Mr. Logan Ralph,2006-05-08,700
Mrs. Aurelia Kidd,1995-08-11,1469
Mrs. Alba Funnell,1996-09-12,240
Mr. Mark Stewart,2015-03-07,1484
Mr. Carl Brett,2010-11-05,210
Mrs. Rosa Farrell,2019-03-09,480
Ms. Meredith Weasley,2003-06-06,678
Miss Emerald Ranks,1991-12-15,651
Mr. Carter Brennan,2016-11-17,542
Mr. Anthony Slater,2002-11-24,53
Mr. Joseph Drew,2012-12-26,1122
Mr. Nick Samuel,2018-02-08,155
Mrs. Stacy Abbey,2005-04-26,432
Mr. John Adler,2019-08-26,1067
Ms. Leslie Poole,2015-03-04,110
Mr. Gil Robe,2009-04-15,850
Mrs. Greta Gates,2020-12-30,986
Mr. Julian Jones,2016-05-13,964
Miss Madison Jenkins,1994-11-08,1135
Mrs. Marla Amstead,2010-04-13,1463
Mr. Wade Johnson,1995-01-26,1961
Mr. Owen Rosenbloom,2008-08-13,522
Mrs. Melinda Ross,2002-03-25,1393
Mr. Bart Dobson,2011-10-26,150
Miss Sara Quinton,2010-01-01,382
Mrs. Harriet Bristow,1999-07-14,1470
Mrs. Keie Hood,1993-03-02,759
Mrs. Emerald Niles,2015-05-27,1710
Mrs. Mabel Ellison,1999-06-12,1078
Mr. Chad Reynolds,2003-05-31,757
Mr. Josh Shields,1991-04-02,1884
Mr. Kurt Lindsay,2014-02-10,727
Miss Marilyn Steer,2014-02-10,1205
Miss Maggie Niles,1998-01-02,1250
Miss Andrea Rodgers,2016-01-30,708
Mr. Lucas Seymour,1999-11-05,1514
Miss Liliana Mackeie,1996-03-30,440
Mrs. Rae Norburn,2011-12-19,273
Mr. Anthony Bell,2021-08-10,568
Miss Sylvia Summers,2014-05-30,346
Miss Caitlyn Trent,2014-07-20,739
Mr. Marvin Stanley,2004-07-02,372
Mrs. Susan Stark,2003-06-18,1837
Mr. Logan Turner,1990-10-14,1938
Mr. Bart Carson,2009-01-09,1063
Mrs. Callie Murray,1997-07-07,1397
Mrs. Madelyn Eagle,1991-01-29,1389
Mr. Maxwell Cowan,1991-12-14,916
Mr. Manuel Willis,2018-10-26,1022
Miss Bristol Shepherd,1998-04-23,453
Ms. Moira Yoman,2011-09-28,699
Mrs. Melinda Robinson,2011-05-05,1541
Mr. Michael Tait,1999-04-24,1042
Mr. Ethan Rose,2014-10-12,1079
Miss Harmony Russell,2016-06-28,1945
Ms. Elena Whinter,2009-10-06,1787
Mr. Ramon Williams,1994-09-03,929
Mrs. Sydney Sylvester,1990-02-02,234
Ms. Amelia Thomson,2011-02-12,1180
Mr. Erick Dempsey,2000-07-21,1067
Miss Carla Butler,2017-02-07,224
Mrs. Colleen Hopkinson,2019-01-28,1495
Mr. Mike Hale,2020-12-17,1937
Mr. Tony Williams,2014-04-13,972
Ms. Lorraine Fields,2021-01-20,1667
Miss Hailey Andersson,2009-12-24,1428
Mr. Noah Shields,2012-05-25,1565
Ms. Rosie Doherty,1999-07-26,1408
Mr. Hank Victor,2011-05-09,874
Ms. Mayleen Coll,2020-03-18,81
Mr. Benjamin Preston,1995-08-22,194
Miss Mary Eagle,2014-05-22,1099
Mr. Rick Attwood,2007-08-08,1526
Ms. Adalind Gavin,2004-12-24,1996
Mrs. Belinda Terry,2005-02-24,425
Mr. Chadwick Lambert,1997-10-27,1795
Mr. Barry Whatson,2017-12-15,970
Miss Vanessa Collingwood,2011-04-02,514
Mr. William Robinson,2013-11-07,85
Ms. Mabel Nurton,2012-12-04,1768
Mr. George Newman,2015-04-15,17
Mr. Daron Veale,2021-06-05,945
Mr. Benny James,1998-02-20,912
Mr. Javier Turner,2013-09-26,557
Mr. Benjamin Reynolds,1990-08-05,330
Mrs. Mackeie Varndell,1991-03-17,544
Mr. Ramon Camden,2007-04-21,1954
Mr. Bryon Gunn,1993-06-23,1743
Mr. Rocco Cameron,2018-09-18,628
Mr. Fred Franks,2007-05-03,1697
Miss Marjorie Stone,2019-06-23,514
Miss Camila Watt,2013-02-02,1041
Mr. Bryon Edwards,2004-03-29,1096
Mrs. Drew Heaton,2005-09-06,1028
Ms. Kamila Hall,2006-07-09,823
Miss Chanelle Mcgee,2004-12-19,1189
Miss Penny Fields,1996-05-05,684
Mr. Chris Yates,1999-05-22,343
Mr. Leroy Collis,2019-07-26,530
Ms. Angela Freeburn,2010-03-22,375
Miss Jackeline Hood,1998-10-27,1049
Mr. Benny Lyon,2014-03-24,331
Mr. Bart Summers,2009-11-27,996
Mr. Chris Harper,2009-04-18,1154
Mr. Nathan Lomax,2005-12-13,1347
Mr. Caleb Drake,2003-01-04,539
Mr. Chadwick Hobbs,2001-07-16,1995
Mr. Nick Moore,2014-01-21,646
Miss Mavis Russell,1998-01-07,1868
Ms. Kaylee Huggins,2000-07-04,820
Miss Ruth Matthews,1998-09-15,1424
Miss Maggie Tyler,2014-06-08,1962
Ms. Tania Garner,2010-09-25,308
Miss Stephanie Jackson,2000-06-13,1963
Mr. George Barclay,1992-06-18,1887
Mr. Chris Bishop,1991-11-29,305
Mr. Maxwell Hardwick,1992-06-18,613
Mrs. Renee Bradshaw,2006-07-15,1413
Mr. Ronald Franks,2004-10-27,202
Mr. Liam Mcnally,2017-05-12,912
Mr. Eduardo Simpson,2013-07-23,63
Mr. Owen Coll,2001-09-05,330
Mr. Maxwell Ellery,2004-10-29,51
Miss Isla Everett,1992-10-03,1206
Miss Bernadette Yang,2011-08-09,411
Miss Charle Dwyer,1998-05-24,1271
Mr. Alan Morgan,2010-07-01,772
Mr. Jack Woodley,2010-08-09,1015
Miss Stella Hilton,1992-08-25,885
Ms. Vera Booth,1991-06-28,314
Mr. Alan Scott,2019-08-28,89
Ms. Alexia Price,2020-10-13,1052
Mr. Ryan Williams,2003-10-05,1911
Ms. Cecilia Mcneill,2015-09-10,1875
Mr. Abdul Abbey,2020-12-30,812
Ms. Florence Gray,1998-04-15,1122
Mr. Abdul Hamilton,2009-04-03,1151
Ms. Maia Reading,1996-01-06,1278
Mr. Lucas Cunningham,2014-05-07,656
Mr. Hayden Silva,1997-01-18,795
Ms. Marigold Reading,1993-09-07,322
Mr. Carl Shaw,1995-11-22,1655
Mrs. Adina Knight,1998-08-12,1086
Miss Aileen Ashley,2000-05-27,947
Mr. Kieth Griffiths,2002-03-30,1966
Mr. Nicholas Redfern,2017-03-21,839
Mr. Tom Moore,2006-05-20,1027
Mr. Russel Dixon,2002-11-25,594
Miss Janelle Bryson,2015-12-29,847
Mr. Daniel Gilmore,2000-09-20,1102
Mr. Enoch Harris,1993-01-14,1668
Mr. Matt Murphy,1996-07-05,623
Mr. Phillip Rothwell,1995-04-04,1368
Miss Victoria Rodwell,2015-03-22,1526
Mr. Logan Eddison,1996-01-07,586
Mr. Elijah Evans,1990-05-30,787
Ms. Trisha Leslie,2018-01-19,1826
Mr. Ron Fleming,2007-02-20,184
Mr. Tyson Purvis,2005-07-09,156
Miss Morgan Phillips,1993-03-28,691
Mr. Alan Stanley,1993-12-17,1843
Miss Luna Saunders,1991-03-16,1723
Mr. Boris Moran,2007-09-16,747
Ms. Joyce Hobbs,2009-12-26,623
Ms. Renee Cowan,2002-09-18,1323
Miss Davina Baker,1999-01-22,787
Mr. Anthony Pond,2015-02-02,740
Ms. Rylee Eddison,1999-03-17,433
Mr. Carter Cork,2017-02-12,456
Mrs. Courtney Ingham,1991-09-22,1997
Ms. Sloane Rosenbloom,1995-04-24,1322
Mr. Rick Anderson,2013-02-14,1356
Mr. George Collis,1990-11-22,1109
Ms. Lucy Rosenbloom,1999-09-07,258
Mr. Maxwell Russell,1990-02-12,1029
Ms. Samara Sylvester,2019-02-14,1525
Mr. Gabriel Coll,2015-06-01,355
Miss Vera Grant,2011-09-05,685
Mr. Daniel Chester,1996-05-12,1867
Miss Dorothy Saunders,2010-11-19,826
Mr. Tom Richardson,2015-11-22,651
Mr. Luke Rogers,2012-08-20,168
Mr. Daniel Wilson,2018-08-02,358
Mr. Jayden Ralph,1995-03-18,1167
Mrs. Ally Owen,2010-02-17,1083
Ms. Rihanna Exton,2006-10-03,1497
Miss Celina Bolton,2017-03-29,284
Miss Victoria Walker,2015-09-06,1981
Miss Skylar Kelly,2016-07-17,1653
Ms. Holly Russell,2018-11-17,61
Ms. Christy Ainsworth,1998-08-30,191
Mrs. Nina Fields,1999-11-14,305
Ms. Janelle Willson,1996-06-06,809
Miss Nicole Blackburn,1996-06-08,268
Mr. Ryan Russell,2012-02-04,213
Mr. Johnathan Robinson,2016-05-15,32
Mr. Cedrick Sanch,1999-06-20,850
Miss Eryn Reid,2007-11-01,979
Mr. Ryan Morgan,2002-01-01,304
Miss Keie Morrow,1998-07-18,217
Miss Alice Russell,2014-09-20,393
Mr. Tyler Wellington,2002-11-17,923
Mrs. Samara Vallory,2001-07-08,1037
Miss Adeline Jobson,2001-07-27,1677
Mrs. Carrie Seymour,2008-05-13,1892
Mr. Johnny Saunders,1993-06-24,688
Mr. Martin Cork,2012-06-13,1659
Miss Rebecca Coates,2012-11-22,1831
Ms. Michaela Farrow,2012-08-18,88
Mr. Abdul Notman,1991-05-12,780
Mr. Harvey Vincent,1996-11-21,1170
Mr. Nate Harvey,2021-12-26,1528
Ms. Alex Rossi,2017-08-24,1225
Mr. Danny Santos,2017-04-27,1583
Miss Bernadette Hastings,1998-09-15,874
Mrs. Carissa Wise,2015-06-07,792
Mr. Chris Gavin,1998-12-26,809
Mr. Doug Crawley,2014-03-26,104
Mrs. Nicole Farrell,1995-01-23,781
Ms. Leah Vallory,2002-06-20,681
Mr. Fred Varley,2015-06-23,583
Mr. Logan Rowlands,2009-09-28,1007
Ms. Victoria Sherwood,2001-10-10,1023
Ms. Makena Mcguire,2006-12-24,191
Mr. Phillip Todd,2006-02-23,941
Mr. Owen Varndell,2014-04-05,842
Mrs. Florence Murray,2006-04-17,774
Mrs. Emma Stewart,2001-05-10,1552
Ms. Trisha Egerton,1997-08-16,618
Mr. Luke Lane,2011-05-05,548
Miss Carrie Russell,2004-11-07,266
Mr. Henry Vincent,1999-04-05,494
Mr. Denny Thomson,2005-01-19,1220
Mr. Boris Wellington,2007-04-25,1243
Mr. Michael Baxter,2010-08-21,1668
Miss Morgan Pope,1993-10-23,1564
Ms. Evie Devonport,2016-12-03,1206
Miss Bethany Andersson,2003-09-12,578
Mr. Domenic Clifton,2016-06-11,323
Miss Bree Gosling,2009-11-11,1854
Mr. Luke Bennett,2009-02-09,886
Mr. Bob Edley,2013-07-19,1920
Mr. Nathan Ranks,2020-09-09,1071
Mr. John Jones,2015-02-18,1381
Mrs. Mona Powell,2011-11-16,1634
Mr. Doug Plumb,2015-03-15,719
Miss Karen Coleman,1990-08-14,1049
Mr. Daniel Newman,2003-10-17,1651
Mr. Clint Reid,2012-04-07,454
Mr. Kieth Mcgee,2014-08-10,1400
Mr. Chris Booth,1993-09-28,1806
Mr. Julian Weston,2003-11-27,1925
Mr. Gabriel Andrews,2008-08-19,1792
Ms. Hailey Roberts,1994-10-17,356
Mr. Jayden Fall,2017-09-02,1169
Miss Elle Morris,2006-05-30,14
Mrs. Valerie Bennett,1997-07-13,671
Mrs. Skylar Clark,1991-05-20,1507
Miss Sienna Tanner,2016-03-09,781
Mrs. Ivy Spencer,1991-01-18,1418
Ms. Leilani Ripley,2011-04-03,382
Mr. Hayden Noon,2006-04-25,1922
Miss Renee Booth,1994-04-01,187
Mr. Nathan Denton,1997-07-13,1591
Mr. Bart Fulton,1990-05-30,1929
Mr. Hayden Emmott,1994-04-15,237
Mr. Maxwell Hamilton,1991-07-01,912
Mr. Jayden Matthews,2021-11-25,1143
Mr. Erick Everett,2003-11-11,553
Mrs. Jackeline Herbert,2015-12-29,1827
Mrs. Daphne Wilson,1993-05-21,1370
Miss Josephine Shelton,2012-02-23,1523
Miss Anais Shaw,2007-03-26,1597
Mr. Rick Evans,2014-12-06,1830
Mr. Ron Howard,2000-11-19,291
Ms. Isla Upton,2004-04-14,1125
Mr. Harvey Leslie,1993-06-23,591
Mr. Chuck Evans,1993-04-01,1232
Mr. Logan Kerr,2017-02-26,1738
Mrs. Fiona Hill,2011-06-08,1148
Mrs. Isabella Snell,2019-12-03,49
Mr. David Powell,1992-08-11,675
Miss Destiny Martin,1990-07-23,1556
Mrs. Francesca Boyle,2016-08-12,1758
Mrs. Lorraine Mcneill,2012-09-09,1250
Mr. Russel Russell,2016-01-11,1234
Mr. Jacob Fisher,2005-07-21,1214
Ms. Eryn Morley,2017-08-11,821
Mrs. Janelle Powell,2021-04-18,1597
Mr. Denis Rogers,1993-06-16,278
Mr. Tom Warner,2000-02-17,1075
Mr. Brad Ventura,2014-07-06,1110
Mr. Boris Cunningham,2020-09-11,206
Mr. Hank Sinclair,1996-01-19,1440
Mr. Barney Bentley,1990-05-08,1941
Ms. Sonya Needham,1995-07-07,211
Mr. Ethan Carson,1995-10-05,1542
Miss Megan Kent,1994-03-13,579
Ms. Liv Cameron,2007-04-26,1652
Miss Juliet Waterson,1996-10-07,954
Mr. Chadwick Vallory,2018-09-12,1351
Ms. Stella Page ,2010-09-25,671
Mr. Enoch Uttridge,2013-09-24,676
Mrs. Evie Mason,2018-04-25,701
Mr. Daron Craig,1994-06-28,1323
Mrs. Vanessa Olivier,2019-07-08,1665
Mr. Hayden Norris,1994-06-02,1708
Mr. Tony Malone,2014-04-26,197
Mr. Fred Eaton,2013-07-11,42
Mr. Caleb Hepburn,1998-11-27,1532
Mr. Rick Brett,2013-12-26,484
Mrs. Juliet Wright,2014-06-11,1289
Ms. Celina Flanders,1990-07-09,414
Ms. Violet Fowler,2019-03-07,1982
Mr. Marvin Rowlands,1994-06-05,741
Mr. Caleb Greenwood,2018-06-25,1240
Miss Deborah Butler,2015-09-28,1429
Miss Havana Reyes,1992-09-29,611
Mr. William Lowe,2002-06-20,1026
Mr. Percy Jones,1992-06-21,790
Ms. Shay Wallace,2010-01-03,1122
Mr. Joseph Seymour,2015-03-01,883
Mr. Harry Watt,1993-12-10,760
Mrs. Ivy Grant,2007-05-07,956
Mr. Tyson Downing,2018-02-23,1589
Mr. Cedrick Grant,1995-11-20,437
Mrs. Shay Todd,2017-05-05,463
Mr. Boris Skinner,1994-10-09,884
Mrs. Cassidy Widdows,1996-06-28,418
Mr. Johnny Clark,1990-12-04,683
Mr. Noah Garner,1998-02-01,350
Mrs. Christine Murray,2001-12-12,266
Mr. Nathan Eastwood,2006-05-02,223
Mr. Daniel Wilkinson,1990-10-22,1749
Mrs. Mina Morley,2006-09-18,1280
Mrs. Rebecca Harrison,2001-09-06,665
Ms. Gwen Furnell,2018-09-11,332
Mr. Russel Murphy,2006-10-08,1008
Mrs. Ada Wills,2000-09-18,1517
Ms. Mya Lambert,1999-12-13,404
Mr. Benny Russel,1998-09-15,1559
Mr. Carter Swift,2020-03-30,373
Mrs. Drew Khan,1992-09-28,595
Mr. Mike Saunders,2015-12-15,1071
Mr. Barney Jackson,2011-03-02,956
Mr. Brad Torres,1998-12-23,99
Mr. John Lomax,1991-09-17,299
Ms. Renee Horton,2000-10-30,939
Miss Ema Rodgers,2012-01-28,911
Mr. Tony Rycroft,2012-04-17,1780
Mr. Chadwick Nielson,2009-06-22,1427
Miss Mina Gavin,2000-05-03,1906
Mr. Nick Steer,2020-04-06,312
Mr. Aiden Franks,1991-08-15,387
Mr. Gil Williams,2003-04-27,1179
Mrs. Kimberly Emerson,2003-05-06,119
Mr. Chris Bell,2001-02-19,472
Mrs. Norah John,2001-10-12,185
Mr. Anthony Lakey,2010-05-04,61
Mrs. Bristol Vallins,1994-10-26,1023
Mrs. Sydney Rainford,2001-08-03,230
Mrs. Adela Moss,1990-06-12,84
Mr. Caleb Nicholls,2014-03-19,153
Mr. Nathan Connell,2010-01-21,1026
Miss Janice Jordan,1991-06-21,1927
Mr. Clint Wood,2008-10-06,1609
Mr. Ryan Asher,1998-01-20,63
Mr. Chuck Flanders,1992-05-05,1199
Miss Jules Briggs,1990-04-21,1574
Mr. Martin Morgan,1995-11-03,464
Mrs. Melinda Mitchell,2003-03-19,1869
